Country,partyID,partyNAME
Albania,80001,  Socialist Party of Albania (PS)
Albania,80002,  Democratic Party of Albania (PD)
Albania,80003,  Socialist Movement for Integration (LSI)
Albania,80004,  Republican Party (PR)
Albania,80005,  Social Democratic Party of Albania (PSD)
Albania,80006,"  Party for Justice, Integration and Unity (PDIU) - SEE POLITY NOTES"
Albania,80007,  Libra Party (LIBRA)
Albania,80010,  Christian Democratic Party (PDK)
Albania,80011,  Democratic Alliance Party (PAD)
Albania,80012,  New Democratic Spirit (FRD)
Albania,80013,  CHALLENGE! for Albania (SFIDA!)
Albania,80014,  Party for the Future of the Greek Minority (MEGA)
Albania,80015,  Social Democracy Party of Albania (PDS)
Albania,80016,  Albanian Party of Democratic Reforms (PR)
Albania,80017,  Red and Black Alliance (AK)
Albania,80030,  New Democratic Party (PDR)
Albania,80031,  Agrarian Party (PAA)
Albania,80032,  Movement of Leka Zogu I (LZhK)
Albania,80033,  Human Rights Union Party (PBDNj)
Albania,80100,  Union for Victory (Parta Demokratike+PR+PLL+PBK+PBL)
Argentina,320001,  Front for the Victory (FPV)
Argentina,320002,  Let's Change (Cam) - SEE POLITY NOTES
Argentina,320003,  United for a New Alternative (UNA) - SEE POLITY NOTES 
Argentina,320004,  Workers' Left Front (FIT)
Argentina,320005,  Progressives (Pro)
Argentina,320006,  Federal Commitment (ACF)
Argentina,320007,  Republican Proposal (PRO)
Argentina,320008,  Radical Civic Union (UCR)
Argentina,320009,"  Justicialist Party (PJ, Peronismo)"
Argentina,320020,  Popular Union (UP)
Argentina,320021,  Broad Progressive Front (FAP) - SEE POLITY NOTES 
Argentina,320022,  Civic Coalition ARI (CC-ARI)
Australia,360001,  Liberal Party (LP)
Australia,360002,  National Party of Australia (NPA) - SEE ELECTION STUDY NOTES 
Australia,360003,  Australian Labor Party (ALP)
Australia,360004,  Australian Democrats (AD)
Australia,360005,  Australian Greens (AG)
Australia,360007,  Liberal Democratic Party (LDP)
Australia,360008,  One Nation Party (ONP)
Australia,360009,  Christian Democratic Party (CDP)
Australia,360010,  The Australian Sex Party (ASXP)
Australia,360011,  Family First Party (FFP)
Australia,360012,  Katter's Australia Party (KAP)
Australia,360013,  Palmer United Party (PUP) / Clive Palmer's United Australia Party (UAP)
Australia,360014,  Citizens Electoral Council (CEC)
Australia,360015,  Australian Shooters (Fishers and Farmers) Party - SEE POLITY NOTES
Australia,360016,  Motoring Enthusiasts Party (AMEP)
Australia,360017,  Fishing Party (TFP)
Australia,360018,  The Wikileaks Party (WKP)
Australia,360019,  Australian Christians (AUC)
Australia,360020,  Animal Justice Party (AJP)
Australia,360021,  Fraser Anning's Conservative National Party
Australia,360022,  Centre Alliance
Australia,360023,  Sustainable Australia
Australia,360024,  Derryn Hinch's Justice Party
Australia,360025,  Western Australia Party
Australia,360026,  Democratic Labor Party (DLP)
Australia,360027,  Rise Up Australia Party
Australia,360028,  Science Party
Australia,360029,  Victorian Socialists (VS)
Australia,360030,  Reason Australia 
Australia,360031,  Australia First Party (NSW) Incorporated (AFP)
Australia,360032,  The Great Australian Party
Australia,360033,  Socialist Equality Party (SEP)
Australia,360034,  Socialist Alliance
Australia,360035,  Australian Workers Party (AWP)
Australia,360036,  Non-Custodial Parents Party
Australia,360037,  Involuntary Medication Objectors (Vaccination/Fluoride) Party
Australia,360038,  VOTEFLUX ORG Upgrade Democracy
Australia,360039,  Yellow Vest Australia (Australian Liberty Alliance)
Australia,360040,  Pirate Party Australia
Australia,360041,  Health Australia Party (HAP)
Australia,360042,  Australian Conservatives
Australia,360043,  Help End Marijuana Prohibition (HEMP) Party (HEMP)
Australia,360044,  Jacqui Lambie Network (JLN)
Austria,400001,  Social Democratic Party of Austria (SPO)
Austria,400002,  Austrian People's Party (OVP) - SEE POLITY NOTES
Austria,400003,  Freedom Party of Austria (FPO)
Austria,400004,  Alliance for the Future of Austria (BZO)
Austria,400005,  The Greens - The Green Alternative (GRUENE)
Austria,400006,  Communist Party of Austria (KPO)
Austria,400007,  Liberal Forum (LiF)
Austria,400008,  Peter Pilz List (PILZ)
Austria,400010,  The New Austria (NEOS) - SEE POLITY NOTES
Austria,400011,  Pirate Party (PIRATEN)
Austria,400012,  Team Stronach (TEAM STRONACH)
Austria,400013,  Dinkhauser List 
Austria,400014,  Freedom Party in Carinthia (FPK)
Austria,400015,  Citizen's Forum Austria (FRITZ)
Austria,400016,  Roland Dueringer List - My Vote Counts (GILT)
Austria,400017,  Communist Party of Austria and Platform PLUS - Open List (KPO+) - 
Austria,400018,  Free Austria List and FPS Dr K Schnell List
Austria,400019,  Christian Party of Austria (CPO)
Belarus,1120001,  Communist Party of Belarus 
Belarus,1120002,  Liberal Democratic Party (LDP)
Belarus,1120003,  Republican Party of Labor and Justice - SEE ELECTION STUDY NOTES 
Belarus,1120004,  Agrarian Party 
Belarus,1120005,  United Civil Party 
Belarus,1120006,  Patriotic Party (BPP)
Belarus,1120007,  Belarusian People Front (BPF)
Belarus,1120008,  Belarusian Left Party 'A Just World' - SEE POLITY NOTES
Belarus,1120009,  Belarusian Social-Democratic (Assembly) 
Belarus,1120016,  Belarusian Socialist Sporting Party 
Belarus,1120017,  Christian Conservative Party (BPF)
Belarus,1120018,  United Democratic Forces of Belarus - SEE POLITY NOTES 
Belarus,1120019,  Belarusian Social-Democratic Party (People's Assembly) (BSDPH)
Belarus,1120020,  Belarusian Helsinki Committee (BHC)
Belarus,1120021,  Belarusian Patriotic Youth Union (BRSM)
Belarus,1120022,  Belarusian Ecological Party (Zelyonykh Bez) 
Belarus,1120023,  Belarusian People's Patriotic Union 
Belarus,1120024,"  Belarusian Public Coalition ""Jabloko"" "
Belarus,1120025,  Belarusian Republican Club of Voters 
Belarus,1120026,  Belarusian Union of Women 
Belarus,1120027,  The BNF Party 
Belarus,1120028,  Belarusian Union of Youths 
Belarus,1120029,"  Belarusian Women Party ""Nadezhda"" "
Belarus,1120030,  For New Belarus 
Belarus,1120031,  Movement for Social Progress and Justice 
Belarus,1120032,  Partnership of the Belarusian Language 
Belarus,1120033,  Republican Party of Labor and Justice 
Belarus,1120034,  Party of Common Sense 
Belarus,1120035,  Party of Power 
Belarus,1120036,  Party of the Communists of Belarus 
Belarus,1120037,  Republican Party 
Belarus,1120038,  Social-Democratic Party of Human Agreement 
Belarus,1120039,  The Social-Democratic Party of the People Agreement 
Belarus,1120040,  United Democratic Opposition 
Belarus,1120041,  Zeljonya 
Belarus,1120042,  ZUBR 
Belarus,1120101,  A Lukashenko (Independent) - SEE POLITY NOTES
Belarus,1120333,  Republican Party of Labor and Justice 
Belarus,1129987,  Vote for at-large Candidate
Belarus,9999988,  None of the Candidates/Parties - SEE POLITY NOTES
Belarus,9999989,  Independent Candidate - SEE POLITY NOTES 
Belarus,9999992,  Other Party/Candidate - SEE POLITY NOTES
Belgium,560001,  New Flemish Alliance (N-VA)
Belgium,560002,  Socialist Party (Francophone) (SP)
Belgium,560003,  Christian Democratic & Flemish (CD&V) - SEE POLITY/ELECTION STUDY 
Belgium,560004,  Flemish Liberals and Democrats (VLD)
Belgium,560005,  Socialist Party Differently (SP
Belgium,560009,  People's Party (PP)
Belgium,560010,  Humanist Democratic Centre (CDH)
Belgium,560011,  Worker's Party of Belgium (PVDA / PTB) - SEE POLITY NOTES
Belgium,560012,  Flemish Block (VB)
Belgium,560013,  Confederated Ecologists (ECOLO)
Belgium,560014,  Democratic Francophones Front (FDF) / Democratic Federalist Independent (DeFI) 
Belgium,560015,  People's Union (VU)
Belgium,560016,  Liberal Reformist Party - Francophone Democratic Front (PRL-FDF)
Belgium,560017,  RESIST
Belgium,560018,  Live Differently - Flemish-speaking Ecologists (AGALEV) / Green -
Belgium,560019,  National Front (FN)
Belgium,560021,  Christian Social Party (CSP)
Belgium,560022,"  Spirit -- Social, Progressive, International, Regionalist, Democratic and Future-Oriented (SPIRIT)"
Belgium,560023,  Alive (V)
Belgium,560024,  Waardig Ouder Worden (WOW)
Belgium,560025,  Agir (Act)
Belgium,560026,  Reformist Movement (MR)
Belgium,560027,  Partij voor een Nieuwe Politiek in Belgie (PNPb)
Belgium,560028,  Francophone Christian Social Party (PSC)
Brazil,760001,  Workers Party (PT)
Brazil,760002,  Brazilian Social Democratic Party (PSDB)
Brazil,760003,  (Party of the) Brazilian Democratic Movement (PMDB/MDB) - SEE 
Brazil,760004,  Progressive Party (PP)
Brazil,760005,  Brazilian Socialist Party (PSB)
Brazil,760006,  Social Democratic Party (PSD)
Brazil,760007,  Republic Party (PR) - SEE POLITY NOTES
Brazil,760008,  Brazilian Republican Party (PRB)
Brazil,760009,  Democrats (DEM) - SEE POLITY/ELECTION STUDY NOTES
Brazil,760010,  Brazilian Labor Party (PTB)
Brazil,760011,  Labor Democratic Party (PDT)
Brazil,760012,  Solidarity (SD)
Brazil,760014,  New Party (NOVO)
Brazil,760015,  Sustainability Network (REDE)
Brazil,760016,  Social Christian Party (PSC)
Brazil,760017,  Green Party (PV)
Brazil,760018,  Popular Socialist Party (PPS)
Brazil,760019,  Republican Party of the Social Order (PROS)
Brazil,760020,  Communist Party of Brazil (PC do B)
Brazil,760021,  Socialism and Freedom Party (PSOL)
Brazil,760022,  Humanist Party of Solidarity (PHS)
Brazil,760023,  Labor Party of Brazil (PT do B) / Forward - SEE POLITY NOTES
Brazil,760024,  Social Liberal Party (PSL)
Brazil,760025,  National Labor Party (PTN) / Podemos (PODE) - SEE POLITY NOTES
Brazil,760026,  Progressive Republican Party (PRP)
Brazil,760027,  National Ecologic Party (PEN) / Patriota (PATRI) - SEE POLITY 
Brazil,760028,  Party of National Mobilization (PMN)
Brazil,760029,  Christian Labor Party (PTC)
Brazil,760030,  Free Homeland Party (PPL)
Brazil,760031,  Christian Social Democratic Party (PSDC) / Christian Democracy 
Brazil,760032,  Brazilian Labor Renewal Party (PRTB)
Brazil,760033,  Unified Socialist Workers' Party (PSTU)
Brazil,760034,  Brazilian Communist Party (PCB)
Brazil,760035,  Workers' Cause Party (PCO)
Brazil,760036,  Brazilian Woman's Party (PMB)
Brazil,760041,  Party of the Nations Retirees (PAN)
Brazil,760042,  Brazilian Democratic Party (PDB)
Brazil,760043,  National Democratic Party (PDN)
Brazil,760044,  Democratic Social Party (PDS)
Brazil,760046,  Liberal Party (PL)
Brazil,760047,  Party of the New Republic (PNR)
Brazil,760048,  Brazilian Progressive Party (PPB)
Brazil,760049,  National Order Reconstruction Party (PRONA)
Brazil,760050,  The Social Labor Party (PST)
Brazil,9999998,  Volunteered: Don't Know - SEE ELECTION STUDY NOTES
Bulgaria,1000001,  Citizens for European Development of Bulgaria (GERB)
Bulgaria,1000002,  Bulgarian Socialist Party (BSP)
Bulgaria,1000003,  Movement for Rights and Freedoms (DPS)
Bulgaria,1000004,  Reformist Bloc (RB) - SEE POLITY NOTES
Bulgaria,1000005,  Patriotic Front (NFSB and IMRO) - SEE POLITY NOTES
Bulgaria,1000006,  Bulgaria without Censorship (BBZ)
Bulgaria,1000007,  Attack (Ataka)
Bulgaria,1000008,  Alternative for Bulgarian Revival (ABV)
Bulgaria,1000009,  Movement 21 (D21)
Bulgaria,1000013,  Green Party (ZP)
Bulgaria,1000014,  Republic BG
Bulgaria,1000015,  PP New Time (NV)
Bulgaria,1000016,  New Force (NF)
Bulgaria,1000017,  United Bulgaria (OB)
Bulgaria,1000018,  Bulgarian Social Democratic Party (BSDP)
Bulgaria,1000019,  National Movement for Stability and Progress (NDS)
Bulgaria,1000020,  BSP Left Bulgaria - Coalition for Bulgaria (KzB | DL) -
Bulgaria,1000021,  Bulgarian Communist Party (KPB)
Bulgaria,1000022,  New Alternative (Nikolay Tzove's party) 
Bulgaria,1000023,  Left and Green Parties
Bulgaria,1000024,  Social Democratic Party (SDP)
Bulgaria,1000025,  Inner Macedonian Revolutionary Organization (VMRO)
Bulgaria,1000026,"  National Union, Fatherland Left"
Bulgaria,1000027,  Bulgarian Business Bloc (BBB)
Bulgaria,1000028,  Christian Social Union
Bulgaria,1000029,"  Coalition: Bulgarian Social Democratic Party, Democratic Left"
Bulgaria,1000030,"  Coalition: Georgievden, Inner Macedonian Revolutionary Organization"
Bulgaria,1000031,  Fatherland Party of Labor
Bulgaria,1000032,  National Union
Bulgaria,1000033,  The Bloc of G Ganchev
Bulgaria,1000034,  United Democratic Forces (UDF) - POLITY NOTES
Bulgaria,1000035,  Union Bulgaria
Bulgaria,1000036,  Movement 'Georgievden' (DG)
Bulgaria,1000037,  Union For National Salvation (NFSB)
Bulgaria,1000038,  Democratic Alternative For The Republic (DAR)
Bulgaria,1000039,  Eurorama (ER)
Bulgaria,1000040,  Euroleft (BE)
Bulgaria,1000042,  Bulgarian Agricultural National Forces - United (BZNS)
Bulgaria,1000043,  Bulgarian Agricultural National Forces – 'N  Petkov' (BZNS – NP)
Bulgaria,1000044,  Bulgarian Agricultural National Forces – 'Al  Stamboliski' 
Bulgaria,1000045,"  Bulgarian Agricultural National Forces, A Mauser, National Union"
Bulgaria,1000046,  Coalition United Agricultural Forces
Bulgaria,1000047,"  Order, Law and Justice (RZS)"
Bulgaria,1000048,  IMRO - Bulgarian National Movement
Bulgaria,1000049,  Leader
Bulgaria,1000050,  Bulgaria for Citizens Movement (BNG)
Bulgaria,1000051,  People's Voice (GN)
Bulgaria,1000200,  Coalition For Bulgaria (CB - KzB) - SEE POLITY NOTES
Bulgaria,1000201,  Democrats for Strong Bulgaria and Bulgarian Democratic Forum (DSB-BDF)
Canada,1240001,  Liberal Party (LIB)
Canada,1240002,  Conservative Party (CP)
Canada,1240003,  New Democratic Party (NDP)
Canada,1240004,  Bloc Quebecois (BQ) - SEE POLITY NOTES
Canada,1240005,  Green Party (GP)
Canada,1240006,  Progressive Conservative (PC)
Canada,1240007,  Reform Party (RPC)
Canada,1240008,  Alliance (Canadian Reform Conservative Alliance)
Canada,1240009,  People's Party (PP) 
Canada,1240015,  Marijuana Party
Canada,1240016,  Libertarian Party of Canada (LPC)
Canada,1240017,  Christian Heritage Party (CHP)
Chile,1520001,  Christian Democratic Party (PDC)
Chile,1520002,  Independent Democratic Union (UDI)
Chile,1520003,  National Renewal (RN)
Chile,1520004,  Socialist Party of Chile (PSCH)
Chile,1520005,  Party for Democracy (PPD)
Chile,1520006,  Communist Party of Chile (PCCh)
Chile,1520007,  Radical Social-Democratic Party (PRSD)
Chile,1520008,  Democratic Revolution (RD)
Chile,1520009,  Political Evolution (Evopoli)
Chile,1520011,  Peruvian Aprista Party (PAP)
Chile,1520012,  Electoral list of Marco Enriquez-Ominamo (MEO)
Chile,1520013,  Concertation of Parties for Democracy (CPD) - SEE POLITY NOTES
Chile,1520014,  Humanist Party (PH)
Chile,1520015,  Together We Can - SEE POLITY NOTES
Chile,1520016,  Social Green Regionalist Federation (FREVS)
Chile,1520017,  Liberal Party of Chile (PL)
Chile,1520020,  Coalition for Change (CC) - SEE POLITY NOTES
Chile,1520021,  Progressive Center-Center Union (UCCP)
Chile,1520022,  National Alliance of Independents
Chile,1520023,  Progressive Party (PRO)
Chile,1520024,  Equality Party (PI)
Chile,1520025,  Green Ecologist Party (PEV)
Chile,1520026,  Citizen Power
Chile,1520027,  Amplitude
Chile,1520028,  Patriotic Union (UPA)
Chile,1520029,  Independent Regionalist Party (PRI)
Chile,1520030,  Pais
Chile,1520031,  Citizens
Chile,1520032,  Patagonian Regional Democracy (DRP)
Chile,1520033,  Citizen Left Party of Chile (IC)
Chile,1520034,  MAS Region (MAS)
Chile,1520035,  Revolutionary Workers Party (PTR)
Chile,1520036,  Everybody
Chile,1520100,  Let's Go Chile
Chile,1520101,  The Force of the Majority
Chile,1520102,  Broad Front
Chile,1520103,  Democratic Convergence
Chile,1520104,  All Over Chile
Chile,1520105,  Green Regionalist Coalition
Chile,1520106,  Let's Add
Chile,1520200,  Jose Antonio Kast (Independent) - SEE POLITY NOTES
Chile,9999992,  Otro - SEE ELECTION STUDY NOTES
Costa Rica,1880001,  National Liberation Party (PLN)
Costa Rica,1880002,  National Restoration Party (PRN)
Costa Rica,1880003,  Citizens' Action Party (PAC)
Costa Rica,1880004,  Social Christian Unity Party (PUSC)
Costa Rica,1880005,  National Integration Party (PIN)
Costa Rica,1880006,  Social Christian Republican Party (PRSC)
Costa Rica,1880007,  Broad Front (FA)
Costa Rica,1880008,  Christian Democratic Alliance (ADC)
Costa Rica,1880009,  Libertarian Movement (PML)
Costa Rica,1880010,  Accessibility without Exclusion (PASE)
Costa Rica,1880011,  New Generation Party (PNG)
Costa Rica,1880012,  Costa Rican Renewal Party 
Costa Rica,1880013,  Authentic Limonense Party (PAL)
Costa Rica,1880014,  Liberal Progressive Party (PLP)
Costa Rica,1880015,  Worker's Party (PT)
Costa Rica,1880016,  Let's Go (VAMOS)
Costa Rica,1880017,  Guanacastecan Union Party (PUG)
Costa Rica,1880018,  United Communal Party (PCU)
Costa Rica,1880019,"  Homeland, Equality & Democracy Party (PID)"
Costa Rica,1880020,  New Republic Party 
Costa Rica,1880021,  National Advance Party 
Costa Rica,1880022,  New Fatherland Party 
Croatia,1910001,  Croatian Democratic Union (HDZ)
Croatia,1910002,  Social Democratic Party of Croatia (SDP)
Croatia,1910003,  Croatian People's Party - Liberal Democrats (HNS)
Croatia,1910006,  Croatian Party of Pensioners (HSU)
Croatia,1910007,  Croatian Peasant Party (HSS)
Croatia,1910008,  Croatian Social Liberal Party (HSLS)
Croatia,1910009,  Croatian Democratic Alliance of Slavonia and Baranja (HDSSB)
Croatia,1910010,  Croatian Party of Rights (HSP)
Croatia,1910011,  Istrian Democratic Assembly (IDS)
Croatia,1910015,  Croatian Christian Democratic Union (HKDU)
Croatia,1910016,  Croatian People's Party (HPS)
Croatia,1910017,  Independent Democratic Serbian Party (SDSS)
Croatia,1910018,  Croatian Bloc (HB)
Croatia,1910019,  Coalition of the Croatian Peasant Party and the Croatian Social Liberal Party (HSS and HSLS)
Croatia,1910020,  Minority Party
Croatia,1910021,  Croatian Youth Party (HSM)
Croatia,9999989,  Independent Candidate - SEE POLITY NOTES
Czech Republic/Czechia,2030001,  Czech Social Democratic Party (CSSD)
Czech Republic/Czechia,2030002,  Civic Democratic Party (ODS)
Czech Republic/Czechia,2030003,  Christian Democratic Union - Czech People's Party (KDU-CSL)
Czech Republic/Czechia,2030004,  Communist Party of Bohemia and Moravia (KSCM)
Czech Republic/Czechia,2030005,  Green Party (SZ)
Czech Republic/Czechia,2030006,  Action of Dissatisfied Citizens (ANO 2011)
Czech Republic/Czechia,2030007,  Freedom and Direct Democracy (SPD)
Czech Republic/Czechia,2030010,  TOP 09 (TOP 09)
Czech Republic/Czechia,2030011,  Civic Democratic Alliance (ODA)
Czech Republic/Czechia,2030012,  Czech Pirate Party (Pirati)
Czech Republic/Czechia,2030013,  Dawn of Direct Democracy of Tomio Okamura (Usvit)
Czech Republic/Czechia,2030014,  Public Affairs (VV)
Czech Republic/Czechia,2030015,  Mayors and Independents (STAN)
Czech Republic/Czechia,2030016,  Oath (PSH)
Czech Republic/Czechia,2030017,  Freedom Union - Democratic Union (US-DEU)
Czech Republic/Czechia,2030018,  Association for the Republic - Czech Republican Party (SPR-RSC)
Czech Republic/Czechia,2030019,  Balbin's Poetic Party (BPS)
Czech Republic/Czechia,2030020,  National Socialists - Left of the 21st century (LEV 21)
Czech Republic/Czechia,2030021,  Czech National Social Party (CSNS)
Czech Republic/Czechia,2030022,  Path of Change (CZ)
Czech Republic/Czechia,2030023,  Humanistic Party (HS)
Czech Republic/Czechia,2030024,  Moravian Democratic Party (MDS)
Czech Republic/Czechia,2030025,  Republicans (R)
Czech Republic/Czechia,2030026,  Right Block (RB)
Czech Republic/Czechia,2030027,  Miroslav Sladek's Republicans (RMS)
Czech Republic/Czechia,2030028,  Democratic League (DL)
Czech Republic/Czechia,2030029,  Association of Independents (SNK)
Czech Republic/Czechia,2030030,  The Block of Jana Bobosikova and Party of Common Sense (SZR)
Czech Republic/Czechia,2030031,  Party of Citizen Rights-Zemanites (SPO)
Czech Republic/Czechia,2030037,  National Citizen's Platform
Czech Republic/Czechia,2030038,  Action for the Abolition of the Senate and Against Tunnelling of the Pension Funds (AZS)
Czech Republic/Czechia,2030039,  Citizen Coalition - Political Club (CC-PC)
Czech Republic/Czechia,2030040,  Czech Movement for National Unity (CHNJ)
Czech Republic/Czechia,2030041,  Vote for the Right Bloc (CIBULKA)
Czech Republic/Czechia,2030042,  Czech Right (CP)
Czech Republic/Czechia,2030043,  Czech Social Democratic Movement (CSDH)
Czech Republic/Czechia,2030044,  Czech National Socialistic Party (CSNS 2005)
Czech Republic/Czechia,2030045,  Worker's Party of the Social Justice (DSSS)
Czech Republic/Czechia,2030046,  Democratic Union (DU)
Czech Republic/Czechia,2030047,  European Center (ES)
Czech Republic/Czechia,2030048,  Folklore and Society (FiS)
Czech Republic/Czechia,2030049,  Hope (H)
Czech Republic/Czechia,2030050,  Humanistic Alliance (HA)
Czech Republic/Czechia,2030051,  Helax-Ostrava has fun (HOB)
Czech Republic/Czechia,2030052,  Cheer Up - Voting Bloc (HV)
Czech Republic/Czechia,2030053,  The Jesus is the Lord (Jesus is the Lord) - SEE POLITY NOTES
Czech Republic/Czechia,2030054,  Club of Committed Non-Party Members (KAN)
Czech Republic/Czechia,2030055,  Czech Crown - Royal Party (KC)
Czech Republic/Czechia,2030056,  Key Moment (KH)
Czech Republic/Czechia,2030057,  Coalition for the Czech Republic (Koal CR)
Czech Republic/Czechia,2030058,  Conservative Party (KONS)
Czech Republic/Czechia,2030059,  Left Bloc (LB)
Czech Republic/Czechia,2030060,  Liberals
Czech Republic/Czechia,2030061,  Hope (N)
Czech Republic/Czechia,2030062,  National Democratic Party (NDS)
Czech Republic/Czechia,2030063,  Independent Democrats (NEZ/DEM)
Czech Republic/Czechia,2030064,  New Movement (NH)
Czech Republic/Czechia,2030065,  National Prosperity (NP)
Czech Republic/Czechia,2030066,  National Party (NS)
Czech Republic/Czechia,2030067,  Citizens of the Czech Republic (OBCANE)
Czech Republic/Czechia,2030068,  Law and Justice (PaS)
Czech Republic/Czechia,2030069,  Roma Democratic Social Party (RDS)
Czech Republic/Czechia,2030070,  Roma Civic Initiative (ROI)
Czech Republic/Czechia,2030071,  Association Of Pensioners Of The Czech Republic (SDCR)
Czech Republic/Czechia,2030072,  Free Democrats - Liberal Social National Party (SD-LSNS)
Czech Republic/Czechia,2030073,  Democratic Socialism Party (SDS)
Czech Republic/Czechia,2030074,  SNK European Democrats (SNK ED) - SEE POLITY NOTES
Czech Republic/Czechia,2030075,"  Freeholders Party of the Czech Republic (Soukromnici, SsCR)"
Czech Republic/Czechia,2030076,  Czech Sovereignty (SUVERENITA)
Czech Republic/Czechia,2030077,  Party of Free Citizens (SVOBODNI)
Czech Republic/Czechia,2030078,  Rural Party - Citizens Joint Strength (SV-SOS)
Czech Republic/Czechia,2030079,  Party for Life Security (SZJ)
Czech Republic/Czechia,2030080,  Freedom Union (US)
Czech Republic/Czechia,2030081,  Choice for Tomorrow (VPB) - SEE ELECTION STUDY NOTES
Czech Republic/Czechia,2030082,  Political Change Movement (ZMENA)
Czech Republic/Czechia,2030083,  Citizens
Czech Republic/Czechia,2030084,  Moravians - SEE POLITY NOTES
Czech Republic/Czechia,2030085,  Stop
Czech Republic/Czechia,2030086,  Party of Equal Chances
Czech Republic/Czechia,2030087,  Coalition KDU-CSL and US-DEU 
Czech Republic/Czechia,2030088,  Active Independent Citizens (ANEO)
Czech Republic/Czechia,2030089,  Realists
Czech Republic/Czechia,2030090,  Bloc against Islamization - Defense of the Homeland
Czech Republic/Czechia,2030091,  Good Choice 2016
Czech Republic/Czechia,2030092,  Swiss Democracy (SD)
Czech Republic/Czechia,2030093,  Sources Movement
Czech Republic/Czechia,2030094,  Don't Vote Urza
Czech Republic/Czechia,2030095,  Alliance of National Forces - SEE ELECTION STUDY NOTES
Czech Republic/Czechia,2030096,  Pensioners 21
Czech Republic/Czechia,2030097,  The Left
Czech Republic/Czechia,2030098,  Order of the Nation (SKP - RN)
Czech Republic/Czechia,2030200,  Together (SPOLU) - SEE POLITY NOTES
Czech Republic/Czechia,2030201,  Pirates and Mayors (PirStan) - SEE POLITY NOTES
Czech Republic/Czechia,2030202,  Tricolor Citizen's Movement (Trikolora) - SEE POLITY NOTES
Denmark,2080001,  Social Democrats (Sd)
Denmark,2080002,"  Venstre, Denmark's Liberal Party (V)"
Denmark,2080003,  Progress Party (FrP)
Denmark,2080004,  Socialist People's Party (SF)
Denmark,2080005,  Unity List - Red-Green Alliance (EL)
Denmark,2080006,  Danish Social Liberal Party (RV)
Denmark,2080007,  Conservative People's Party (KF)
Denmark,2080008,  Christian Democrats (KD) - SEE POLITY NOTES
Denmark,2080009,  New Alliance (NA) / Liberal Alliance (LA) - SEE POLITY NOTES
Denmark,2080010,  Danish People's Party (DF)
Denmark,2080011,  Centre Democrats (CD)
Denmark,2080012,  The Alternative (A)
Denmark,2080013,  The New Right (NB)
Denmark,2080014,  Democratic Renewal
Denmark,2080015,  Minority Party
Denmark,2080016,  Hard Line 
Denmark,2080017,  Klaus Riskaer Pedersen List
El Salvador,2220001,  Grand Alliance for National Unity (GANA)
El Salvador,2220002,  Alliance for a New Country (ARENA-PCN-PDC-DSP) / ARENA
El Salvador,2220003,  Farabundo Marti National Liberation Front (FMLN)
El Salvador,2220004,  Let's Go (Vamos)
El Salvador,2220005,  New Ideas (NI)
El Salvador,2220006,  Unity Movement (UNIDAD)
El Salvador,2220007,  National Coalition Party (PCN)
El Salvador,2220008,  Christian Democratic Party (PDC)
El Salvador,2220009,  Democratic Change (CD)
Estonia,2330001,  Estonian Reform Party (ER e)
Estonia,2330002,  Estonian Centre Party (EK)
Estonia,2330003,  Social Democratic Party (SDE)
Estonia,2330004,  Pro Patria and Res Publica Union (IRL)
Estonia,2330005,  Estonian Greens (EER)
Estonia,2330006,  Conservative People's Party of Estonia (EKRE)
Estonia,2330007,  Estonian Independence Party (EIP)
Estonia,2330009,  Estonian Free Party (EV)
Estonia,2330013,  Russian Party in Estonia (VEE) - SEE POLITY NOTES
Estonia,2330014,  Estonian Christian Democrats (EKD)
Estonia,2330016,  Estonian People's Union (ER a) 
Finland,2460001,  Center Party of Finland (KESK)
Finland,2460002,  Social Democratic Party of Finland (SDP)
Finland,2460003,  National Coalition Party (KOK)
Finland,2460004,  True Finns / The Finns Party (PS) - SEE POLITY NOTES
Finland,2460005,  Green League (VIHR)
Finland,2460006,  Left Alliance (VAS)
Finland,2460007,  Christian Democrats (KD)
Finland,2460008,  Swedish People's Party in Finland (RKP - SFP)
Finland,2460009,  The Independence Party (IPU)
Finland,2460010,  Blue Reform (SIN) - SEE POLITY NOTES
Finland,2460012,  For the Poor (KA)
Finland,2460013,  For Peace and Socialism - Communist Worker's Party (KTP)
Finland,2460014,  Liberal People's Party (LKP) - SEE ELECTION STUDY NOTES
Finland,2460015,  Change 2011 (M11)
Finland,2460016,  Pirate Party of Finland (PP)
Finland,2460017,  Finnish Senior Citizen Party (SEP)
Finland,2460018,  Communist Party of Finland (SKP - Y)
Finland,2460019,  Finnish People's Blue-Whites (SKS)
Finland,2460020,  Finnish Workers Party (STP)
Finland,2460021,  Freedom Party (SVR)
Finland,2460022,  Joint Responsibility Party (YVP)
Finland,2460023,  Forces for Change in Finland
Finland,2460024,  The Finnish Patriotic Movement (IKL)
France,2500001,  Union for a Popular Movement (UMP) - SEE POLITY NOTES
France,2500002,  Socialist Party (PS)
France,2500003,  Democratic Movement (MoDem) - SEE POLITY/ELECTION STUDY NOTES
France,2500004,  French Communist Party (PCF)
France,2500005,  Europe Ecology - The Greens (EELV) - SEE POLITY NOTES
France,2500006,  Left Front (FDG) - SEE POLITY NOTES
France,2500007,  National Front (FN)
France,2500008,  Rally For The Republic (RPR)
France,2500009,  Workers' Struggle (LO)
France,2500010,  Movement for France (MPF)
France,2500011,"  Hunting, Fishing, Nature and Tradition (CPNT)"
France,2500012,  Republican And Civic Movement (MDC)
France,2500013,  Liberal Democracy (LD)
France,2500014,  Revolutionary Communist League (LCR)
France,2500015,  Farmers Association
France,2500016,  Sans Etiquette
France,2500017,  The Republic Onwards! (LaREM)
France,2500018,  Radical Party of the Left (RPG)
France,2500019,  Miscellaneous left (DVG)
France,2500020,  New Centre (NC)
France,2500021,  Miscellaneous right (DVD)
France,2500022,  The Republicans (LR) - SEE POLITY NOTES
France,2500023,  Regionalists (REG)
France,2500024,"  Citizenship, Action, Participation for the 21st Century (Cap21)"
France,2500025,  Arise the Republic (DLR) / France Arise (DLF) - SEE POLITY NOTES
France,2500026,  Forum Of Social Republicans (FRS)
France,2500027,  National Republican Movement (MNR)
France,2500028,  New Anticapitalist Party (NPA)
France,2500029,  Workers' Party (PT)
France,2500030,  Rally for France (RPF)
France,2500031,  Indomitable France (FI)
France,2500032,"  Jose Bove - ran as an activist from ""After Globalization"""
France,2500033,  Movement LaRouche - SEE POLITY NOTES
France,2500034,  Resist!
France,2500035,  Popular Republican Union
Germany,2760001,  Christian Democratic Union / Christian Social Union (UNION)
Germany,2760002,  Christian Democratic Party (CDU)
Germany,2760003,  Christian Social Union in Bavaria (CSU)
Germany,2760004,  Social Democratic Party (SPD)
Germany,2760005,  Alliance 90/Greens (B90/GRUENE)
Germany,2760006,  Free Democratic Party (FDP)
Germany,2760007,  Left Party (DIE LINKE) - SEE POLITY NOTES
Germany,2760008,  The Republicans (REP)
Germany,2760009,  National Democratic Party of Germany (NPD)
Germany,2760010,  Alternative for Germany (AfD)
Germany,2760011,  Communist Party of Germany (KPD)
Germany,2760012,  German Communist Party (DKP)
Germany,2760013,  Labor and Social Justice - The Electoral Alternative (WASG)
Germany,2760014,  Pirates Party (PIRATEN)
Germany,2760015,  German Social Union (DSU)
Germany,2760016,  Bavarian Party (BP)
Germany,2760017,  German People's Union (DVU)
Germany,2760018,  South Schleswig Voter's Association (SSW)
Germany,2760019,  The Greys (Graue)
Germany,2760020,  Ecological Democratic Party (OEDP)
Germany,2760021,  Party of Literal Exegesis (PBC)
Germany,2760022,  Pensioners/Greys (RENTNER)
Germany,2760023,  Generation Party / The Grey 
Germany,2760024,  Party Of The Rule Of Law Offensive (Schill-Party)
Germany,2760025,  Free Voters (FW)
Germany,2760026,  Animal Protection Party (Tierschutzpartei)
Germany,2760027,  Marxist-Leninist Party of Germany (MLPD)
Germany,2760028,  Family Party (FAMILIE)
Germany,2760029,  The Violets for Spiritual Politics (Die Violetten)
Germany,2760030,  The Party (Die PARTEI)
Germany,2760031,  Women's Party (DIE FRAUEN)
Germany,2760032,"  Alliance of health, peace and social equality (AGFG)"
Germany,2760033,  Anarchistic Pogo Party of Germany (APPD)
Germany,2760034,  Civil Movement for Solidarity (BUESO)
Germany,2760035,  Basic Income Alliance (BGE)
Germany,2760036,"  V-Partei3 - Party for Change, Vegetarians and Vegans (V-Partei3)"
Germany,2760037,  Democracy in Motion (DiB)
Germany,2760038,  Alliance of German Democrats (AD-Demokraten)
Germany,2760039,  Magdeburg Garden Party (MG)
Germany,2760040,  Berg-Party (B*)
Germany,2760041,  Democratic Citizens Germany (DBD)
Germany,2760042,  Grassroots Democratic Party of Germany (dieBasis)
Germany,2760043,  Team Todenhoefer - The Justice Party
Germany,2760044,  Volt Germany (Volt)
Germany,2760045,  Party of Humanists (Die Humanisten)
Germany,2760046,  Alliance C - Christians for Germany (Buendnis C)
Germany,2760047,  The Greys - For all Generations (Die Grauen)
Germany,2760048,  Civic Movement
Germany,2760049,  Party of Progress (PdF)
Germany,2760050,  Climate List Baden-Wuerttemberg (KlimalisteBW)
Germany,2760051,  Courage
Greece,3000001,  Pan-Hellenic Socialist Movement (PASOK)
Greece,3000002,  New Democracy (ND)
Greece,3000003,  Coalition of the Radical Left (SYRIZA)
Greece,3000004,  Communist Party of Greece (KKE)
Greece,3000005,  Ecologists - Greens (Oik Pras)
Greece,3000006,  Golden Dawn (LS - XA)
Greece,3000007,  The Independent Greeks (ANEL)
Greece,3000008,  Movement for Change (KINAL) - SEE POLITY NOTES
Greece,3000009,  Greek Solution
Greece,3000010,  Pirate Party of Greece (KKP)
Greece,3000011,  Recreate Greece (DX)
Greece,3000012,  Democratic Left (DIMAR)
Greece,3000013,  The River
Greece,3000014,  European Realistic Disobedience Front (MeRA25)
Greece,3000015,  Coalition of parties
Greece,3000016,  Anticapitalist Left Cooperation for the Overthrow (ANTARSYA)
Greece,3000017,  Action (D)
Greece,3000018,  Democratic Revival (Diman)
Greece,3000019,  Popular Orthodox Rally (LaOS)
Greece,3000021,  Union of Centrists
Greece,3000022,  Movement of Democratic Socialists
Greece,3000023,  Course of Freedom
Greece,3000024,  Popular Unity (LAE)
Greece,3000025,  United Popular Front (EPAM)
Greece,3000026,  Society - Political Party of the Successors of Kapodistrias 
Greece,3000028,  New Right 
Greece,3000029,  Free Homeland
Greece,3000100,  Democratic Coalition (DISI) - SEE POLITY NOTES
Greece,3000101,  Front of the Greek Anticapitalist Left - Workers Revolutionary Party
Greece,3000102,  Democrats-Society of Values-Pirate Party of Greece (D-KA-KPE)
Hong Kong,3440001,  Democratic Alliance for Betterment of Hong Kong (DAB)
Hong Kong,3440002,  Civic Party (CPP)
Hong Kong,3440003,  Democratic Party (DP)
Hong Kong,3440004,  People Power (PP)
Hong Kong,3440005,  Hong Kong Federation of Trade Unions (HKFTU)
Hong Kong,3440006,  Labor Party (LAB)
Hong Kong,3440007,  League of Social Democrats (LSD)
Hong Kong,3440008,  New People's Party (NPP)
Hong Kong,3440009,  Liberal Party (LP)
Hong Kong,3440013,  Neighborhood & Workers Service Centre (NWSC)
Hong Kong,3440014,  Kowloon West New Dynamic (KWND)
Hong Kong,3440015,  Hong Kong Association for Democracy and People's Livelihood (ADPL)
Hong Kong,3440016,  Neo Democrats
Hong Kong,3440017,  Civil Force
Hong Kong,3440018,  Economic Synergy (3L)
Hong Kong,3440019,  Frontier
Hong Kong,3440020,  Hong Kong Awakening Association
Hong Kong,3440021,  Party For Civic Rights And Livelihood Hong Kong
Hong Kong,3440022,  Southern Democratic Alliance
Hong Kong,3440023,  Blue Intelligent Union
Hong Kong,3440024,  Civic Act-Up
Hong Kong,3440025,  Democratic Alliance
Hong Kong,3440026,  April Fifth Action (AFAG)
Hong Kong,3440027,  Grassroot Democrats
Hong Kong,3440028,  Hong Kong Social Workers General Union
Hong Kong,3440029,  New Century Forum
Hong Kong,3440030,"  Democrats, in general"
Hong Kong,3440031,  Pro-Democrats
Hong Kong,3440032,  Citizen's Party
Hong Kong,3440033,  Hong Kong Confederation of Trade Unions (CTU)
Hong Kong,3440034,  Hong Kong Progressive Alliance (HKPA)
Hong Kong,3440035,  123 Democratic Alliance
Hong Kong,3440036,  Article 45 Concern Group
Hong Kong,3440037,  New Territories West - New Territories Alliance
Hong Kong,3440038,  The Pioneer
Hong Kong,3440039,  Civic Passion (CP)
Hong Kong,3440040,  Proletariat Political Institute (PPI)
Hong Kong,3440041,  Hong Kong Resurgence Order (HKRO)
Hong Kong,3440042,  Youngspiration
Hong Kong,3440043,  Kowloon East Community
Hong Kong,3440044,  Demosisto
Hong Kong,3440045,  Business and Professionals Alliance for Hong Kong (BPA)
Hong Kong,3440046,  Democracy Groundwork
Hong Kong,3440047,  Path of Democracy
Hong Kong,3440048,  Third Side
Hong Kong,3440049,  Justice Alliance
Hong Kong,3440050,  Voice of Loving Hong Kong
Hong Kong,3440051,  Politihk Social Strategic
Hong Kong,3440052,  Pioneer of Victoria Park
Hong Kong,3440053,  Hong Kong Indigenous
Hong Kong,3440100,  People Power - League of Social Democrats (PP - LSD) - 
Hong Kong,3440101,  Civic Passion - Proletariat Political Institute - 
Hong Kong,3440102,  Civic Passion - Hong Kong Resurgence Order - SEE POLITY NOTES
Hong Kong,3440103,  ALLinHKG - SEE POLITY NOTES
Hungary,3480001,  Hungarian Socialist Party (MSZP)
Hungary,3480002,  Fidesz-Hungarian Civic Party Alliance Party (Fidesz - MPP)
Hungary,3480003,  Jobbik - Movement for a Better Hungary (Jobbik)
Hungary,3480004,  Hungarian Justice and Life Party (MIEP)
Hungary,3480006,  Hungarian Worker's Party (MMP) - SEE POLITY NOTES
Hungary,3480007,  Hungarian Democratic Forum (MDF)
Hungary,3480008,  Alliance of Free Democrats (SZDSZ)
Hungary,3480009,  Hungarian Democratic People's Party
Hungary,3480010,  Fidesz - KDNP - SEE POLITY NOTES
Hungary,3480011,  Politics Can Be Different (LMP)
Hungary,3480012,  MDF - FIDESZ - MPP Joint Candidate - SEE ELECTION STUDY NOTES
Hungary,3480013,  Independent Small Holders Party (FKgP)
Hungary,3480014,  UJ Szovetseg (ASZ) - SEE POLITY NOTES
Hungary,3480015,  Democratic Coalition (DK)
Hungary,3480016,  Momentum Movement
Hungary,3480017,  Hungarian Two-tailed Dog Party
Hungary,3480018,  Together - Party for a New Era
Hungary,3480031,  Green Party of Hungary (ZOLDEK)
Hungary,3480032,  Christian Democratic People's Party (KDNP)
Hungary,3480033,  Alliance for Hungary - Center Party
Hungary,3480100,  Hungarian Socialist Party-Dialogue for Hungary - SEE POLITY NOTES
Hungary,3480101,  Unity - SEE POLITY NOTES
Iceland,3520001,  Independence Party (Sj)
Iceland,3520002,  Social Democratic Alliance (Sam) - SEE POLITY NOTES
Iceland,3520003,  Progressive Party (F)
Iceland,3520004,  Liberal Party (FF)
Iceland,3520005,  Left-Green Movement (VG)
Iceland,3520006,  Reform Party
Iceland,3520007,  Bright Future (BF)
Iceland,3520008,  Pirate Party (Pi)
Iceland,3520009,  Civic Movement (B)
Iceland,3520010,  People's Party (FIF)
Iceland,3520011,  Center Party (M)
Iceland,3520012,  Right-Green People's Party (HG) - SEE POLITY NOTES
Iceland,3520013,  Icelandic Movement (IL)
Iceland,3520014,"  Dawn - Organization of justice, fairness and democracy (Dawn)"
Iceland,3520015,  Iceland Democratic Party (IDP)
Iceland,3520016,  Rainbow (Rebo)
Iceland,3520017,  People's Movement (Th - Ff)
Iceland,3520018,  Democratic Movement
Iceland,3520019,  Social Democratic Party (A)
Iceland,3520020,  People's Alliance (Ab)
Iceland,3520021,  Households Party (FH)
Iceland,3520022,  Humanist Party (FM)
Iceland,3520023,  The Movement (H)
Iceland,3520024,  Women's Alliance (KL)
Iceland,3520025,  Rural Party (L)
Iceland,3520026,  Christian Democrats
Iceland,3520027,  Anarchists
Iceland,3520028,  Left-Green Movement and Social Democratic Alliance 
Iceland,3520029,  Left-Green Movement and Independence Party 
Iceland,3520030,  New Movement
Iceland,3520031,  People's Front of Iceland (PFI)
Iceland,3520032,  Icelandic National Front
Iceland,9999989,  Independent Candidate - SEE ELECTION STUDY NOTES
India,3560001, Indian People's Party (BJP) - SEE POLITY NOTES
India,3560002, Indian National Congress (INC) - SEE POLITY NOTES
India,3560003, All India Trinamool Congress (AITC)
India,3560004, Bahujan Samaj Party (BSP)
India,3560005, Socialist Party (SP)
India,3560006," Youth, Labor, and Farmer Congress Party (YSRCP)"
India,3560007, Dravidian Progress Federation (DMK)
India,3560008, Shivaji's Army  
India,3560009, Telugu Desam Party (TDP)
India,3560010, Communist Party of India (Marxist) (CPI(M))
India,3560011, Biju People's Party (BJD)
India,3560012, People's Party (United) (JD(U))
India,3560013, Nationalist Congress Party (NCP)
India,3560014, All India Anna Dravidian Progress Federation (AIADMK)
India,3560015, India Nation Council (BRS)
India,3560016, National People's Party (RJD)
India,3560017, Supreme Akali Party (SAD)
India,3560018, Communist Party of India (CPI)
India,3560019, Janata Dal (Secular) (JD(S))
India,3560020, People's Manpower Party (LJP)
India,3560021, Common Man's Party (AAP)
India,3560022, Working People's Party (PMK)
India,3560023, People's Army Party (JSP)
India,3560024, Jharkhand Liberation Front (JMM)
India,3560025, All India United Democratic Front (AIUDF)
India,3560026, Indian Union Muslim League (IUML)
India,3560027, Assam People's Association (AGP)
India,3560028, National People's Equity Party (RLSP)
India,3560029, National People's Party (RLD)
India,3560030, All India Council for Unity of Muslims (AIMIM)
India,3560031, Apna Dal (Soneylal) (AD(S))
India,3560032, Indian People's Front (HAM-S)
India,3560033, Jharkhand Development Front (Democratic) (JVM(P))
India,3560034, Communist Party Of India (Marxist-Leninist) (Liberation) 
India,3560035, Revolutionary Socialist Party (RSP)
India,3560036, Vikassheel Insaan Party (VIP)
India,3560037, Rashtriya Loktantrik Party (RLP)
India,3560038, All Jharkhand Students Union (AJSU)
India,3560039, Jannayak Janta Party (JJP)
India,3560040, Bhartiya Tribal Party (BTP)
India,3560041, Lok Insaaf Party (LIP)
India,3560042, National People's Party (NPP)
India,3560043, Kerala Congress (M)
India,3560044, Socialist Unity Centre Of India (Communist) (SUCI(C))
India,3560045, All India Forward Bloc (AIFB)
India,3560046, Suheldev Bhartiya Samaj Party (SBSP)
India,3560047, Punjab Ekta Party (PEP)
India,3560048, Indian National Lok Dal (INLD)
India,3560049, Gondvana Gantantra Party (GGP)
India,3560050, Kerala Congress (Anti-merger Group) (KC)
India,3560051, Jan Adhikar Party (Loktantrik) (JAP (L))
India,3560052, Republican Party of India (A)
India,3560053, Samanya Picchda Evam Alpsankhyak Samaj (SAPAKS)
India,3560054, Janata Congress 
India,3560055, Marumalarchi Dravida Munnetra Kazhagam (MDMK)
India,3560056, Indhiya Jananayaga Katchi (IJK)
India,3560057, Puthiya Tamilagam (PT)
Ireland,3720001,  Fianna Fail (FF)
Ireland,3720002,  Fine Gael (FG)
Ireland,3720003,  Labor (Lab)
Ireland,3720004,  Sinn Fein (SF)
Ireland,3720005,  Greens (GP)
Ireland,3720006,  Progressive Democrats (PD)
Ireland,3720007,  Socialist Party (SP)
Ireland,3720008,  Workers' Party (TWP)
Ireland,3720009,  United Left Alliance (ULA)
Ireland,3720010,  People Before Profit Alliance (PBPA)
Ireland,3720011,  Anti-Austerity Alliance-People Before Profit (AAA-PBP) - 
Ireland,3720012,  Christian Solidarity (CSP)
Ireland,3720013,  Social Democrats (SD)
Ireland,3720014,  Renew Ireland (RI)
Ireland,3720015,  Anti-Austerity Alliance (AAA) - SEE POLITY NOTES
Ireland,3720019,  Direct Democracy Ireland (DDI)
Ireland,3720020,  Irish Socialist Network (ISN)
Ireland,3720021,  Fathers' Rights-Responsibility
Israel,3760001,  Likud - The Consolidation (L)
Israel,3760002,  Israeli Labor Party (MHH)
Israel,3760003,  Sfarad's Keepers of the Torah (Shas)
Israel,3760004,  Energy (Meretz)
Israel,3760005,  The Greens (HY)
Israel,3760006,  United Torah Judaism (YH) - SEE POLITY NOTES
Israel,3760007,  There is a Future (YA)
Israel,3760008,  The Jewish Home (HH) - SEE POLITY NOTES
Israel,3760009,  The Movement (Hat)
Israel,3760010,  United Arab List (Ra'am)
Israel,3760011,  Likud - The Consolidation (L) - Yisrael Beiteinu (L - YB) 
Israel,3760014,  National Religious Party (Mafdal)
Israel,3760015,  Change (Shinui)
Israel,3760016,  Forward (Kadima)
Israel,3760018,  The Democratic Front for Peace and Equality (H)
Israel,3760019,  National Democratic Assembly (Balad)
Israel,3760021,  Israel is Our Home (YB) 
Israel,3760022,  Whole Nation (AmSh)
Israel,3760023,  Strength to Israel (OL)
Israel,3760024,  The Israelis (HaYisraelim)
Israel,3760025,  Green Leaf (AIYa)
Israel,3760026,  Social Justice (Tzedek Hevrati)
Israel,3760027,  Respectful Life (Haim Bekavod)
Israel,3760028,  New Country (Eretz Hadasha)
Israel,3760029,  Da'am Workers Party (Da'am)
Israel,3760030,  Hope for Change (Hatikva Leshinui)
Israel,3760031,  Likud - Gesher - Tzomet Block - SEE POLITY NOTES
Israel,3760032,  We Are All Friends (Kolanu Haverim)
Israel,3760033,  Power to Influence (Koach Lehashpi'a)
Israel,3760034,  Economy Party (Mifleget Kalkala)
Israel,3760035,  We Are Brothers (Achim Anchnu)
Israel,3760036,  Progressive Liberal Democratic (Mitkademet Liberalit Democratit)
Israel,3760037,  Party of Light (Mifleget Or)
Israel,3760038,  The Pirates
Israel,3760039,  Hapiratim
Israel,3760040,  Tradition of Patriarchs (Ancestors Heritage) (Moreshet Avot)
Israel,3760041,  One Nation (AE) - SEE POLITY NOTES
Israel,3760042,  One Future (Atid Ehad)
Israel,3760043,  World Alliance (Brit Olam)
Israel,3760044,  Meretz Habhira - Hademocratit Shahar - SEE POLITY NOTES
Israel,3760045,  Democratic Action (Da'am)
Israel,3760046,  The Third Way (DS)
Israel,3760047,  Bridge (Gesher)
Israel,3760048,  Pensioners of Israel (Gil)
Israel,3760049,  National Union (HaLe) - SEE POLITY NOTES
Israel,3760050,  National Union - National Religious Party (HaLe – Mafdal)
Israel,3760051,  Arab National Party (HaMiflaga HaLeumit HaAravit)
Israel,3760052,  Jewish National Front (Hazit Yehudit Leumit)
Israel,3760053,  Freedom Party (Herut)
Israel,3760054,  Secular Zionist (Hetz)
Israel,3760055,  A Different Israel (Israel Aheret)
Israel,3760056,  United Society Warriors (Lehem)
Israel,3760057,  Heart to the Immigrants (Lev)
Israel,3760058,  Homeland (M)
Israel,3760059,  Arab Democratic Party (Mada)
Israel,3760060,  Free Centre (MeHo)
Israel,3760061,  Center Party (MiHa)
Israel,3760062,  Strengthen the Poor (Oz La'aneem)
Israel,3760063,  United Arab List - Arab Movement for Renewal (Ra'am - Ta'al) -
Israel,3760064,  Man's Rights in the Family Party (Ra'ash)
Israel,3760065,  Turnaround (Tafnit)
Israel,3760066,  Crossroads (Tzomet)
Israel,3760067,  Israel for Immigration (YBA) 
Israel,3760068,  Citizen And State
Israel,3760069,  Ahavat Israel
Israel,3760070,  Arab Parties
Israel,3760071,  Ezrah Umedina
Israel,3760072,  Hadash - Balad Block
Israel,3760073,  Hadash-Taal
Israel,3760074,  Hatzionut Hahadasha
Israel,3760075,  Irgun Hapeula Hademocrati
Israel,3760076,  Islamic Movement
Israel,3760077,  Israel Aheret
Israel,3760078,  Lahava
Israel,3760079,  Leader
Israel,3760081,  Left
Israel,3760082,  Left Bloc
Israel,3760083,  The Generation of State Builders (Dor Bonei Ha'aretz)
Israel,3760084,  Mada - Islamic Movement Block
Israel,3760085,  MHH - Meimad
Israel,3760086,  National Union - Israel Beytenu - Moledet - Tkuma
Israel,3760087,  Patz
Israel,3760088,  Progressive National Alliance
Israel,3760089,  Religious Bloc
Israel,3760090,  Right Bloc
Israel,3760091,  Yahadut Haotra - Agudat Israel - Degel Tora
Israel,3760092,  Za'am
Israel,3760093,  Israel's Young Adults Zabar (Sabra)
Israel,3760102,  Extreme Parties
Israel,3760103,  Blue and White (KL) - SEE POLITY NOTES
Israel,3760104,  Joint List - SEE POLITY NOTES
Israel,3760105,  Labor-Gesher-Meretz (Emet) - SEE POLITY NOTES 
Israel,3760106,  Yamina - SEE POLITY NOTES
Israel,3760107,  Labor-Gesher - SEE POLITY NOTES
Israel,3760108,  Democratic Union 
Italy,3800001,  Democratic Party (PD)
Italy,3800002,  Forward Italy (Forza Italia) (FI) - SEE POLITY NOTES
Italy,3800003,  Northern League/League (LN) - SEE POLITY NOTES
Italy,3800004,  Five Star Movement (M5S)
Italy,3800005,  Federation of the Greens (FdV)
Italy,3800006,  More Europe (E+)
Italy,3800008,  South Tyrolean People's Party (SVP)
Italy,3800009,  Party of Italian Communists (PdCI) - SEE POLITY NOTES
Italy,3800010,  Free and Equal (LeU)
Italy,3800011,  Democrats of the Left (DS) - SEE POLITY NOTES
Italy,3800012,  Union of Christian and Centre Democrats (UDC)
Italy,3800013,  Communist Refoundation Party (PRC)
Italy,3800014,  Rose in the Fist
Italy,3800015,  Italy of Values (IdV) - SEE POLITY NOTES
Italy,3800021,  Daisy - Democracy is Freedom (DL) - SEE POLITY NOTES
Italy,3800022,  National Alliance (AN) - SEE POLITY NOTES
Italy,3800024,  Popular - UDEUR (PoUD)
Italy,3800025,  Popular Civic List (CP) - SEE POLITY NOTES
Italy,3800026,  Christian Democracy - New PSI (NPSI)
Italy,3800027,  Social Alternative (ASM)
Italy,3800028,  Tricolor Flame (MSFT)
Italy,3800029,  The Socialists
Italy,3800030,  Ambientalista - Ecologisti Democratici (ED)
Italy,3800032,  Brothers of Italy (FdI)
Italy,3800034,  Terzo Polo
Italy,3800035,  Solidarieta
Italy,3800036,  Pensioners' Party (PP)
Italy,3800037,  Lista Bonino / Radicali (Bon)
Italy,3800038,  The Olive (Ulivo)
Italy,3800039,  The Union (Unione)
Italy,3800040,  House of Liberties (CdL)
Italy,3800041,  Communist Party (PC)
Italy,3800042,  CasaPound Italy (CPI)
Italy,3800043,  The People of Family (PdF)
Italy,3800044,  Great North (GN)
Italy,3800045,  Amnesty Justice Freedom List (LAGL)
Italy,3800046,  Left Ecology Freedom (SEL)
Italy,3800047,  The Right
Italy,3800048,  New Force (FN)
Italy,3800049,  Civic Choice (SC)
Italy,3800050,  Act to Stop the Decline (FFD)
Italy,3800051,  Great South (GS)
Italy,3800100,  Us with Italy - Christian Democratic Union (NcI-UdC) - 
Italy,3800101,  Power to the People (PaP) - SEE POLITY NOTES
Italy,3800102,  Together List - SEE POLITY NOTES
Italy,3800103,  For a Revolutionary Left (PuSR) - SEE POLITY NOTES
Italy,3800104,  Civil Revolution (RC) - SEE POLITY NOTES
Japan,3920001,  Liberal Democratic Party (LDP)
Japan,3920002,  Democratic Party of Japan (DPJ) - SEE POLITY NOTES
Japan,3920003,  (New) Komeito (NK) - SEE POLITY NOTES
Japan,3920004,  Japanese Communist Party (JCP)
Japan,3920005,  Green Wind
Japan,3920006,  Social Democratic Party (SDP)
Japan,3920007,  Japan Restoration Party (JReP)
Japan,3920008,  Constitutional Democratic Party of Japan (CDP) - SEE POLITY NOTES
Japan,3920009,  Japan Innovation Party - SEE POLITY NOTES
Japan,3920010,  Your Party (YP)
Japan,3920011,  People's Life Party (PLP) / Liberal Party - SEE POLITY NOTES
Japan,3920012,  New Frontier Party (NFP)
Japan,3920013,  New Party Harbinger (NPH)
Japan,3920014,  Democratic Reform Union (DRP) - SEE POLITY NOTES
Japan,3920015,  New Party Daichi (NDP)
Japan,3920016,  People's New Party (PNP)
Japan,3920017,  Tomorrow Party of Japan (TJP)
Japan,3920018,  New Socialist Party
Japan,3920019,  Freedom Party
Japan,3920020,  Greens Japan
Japan,3920021,  New Renaissance Party
Japan,3920022,  Party of Hope
Japan,3920023,  Party for Japanese Kokoro
Japan,3920024,  Democratic Party - SEE POLITY NOTES
Japan,3920025,  New Renaissance Party
Japan,9999992,  Other Candidate/Party - SEE ELECTION STUDY NOTES 
Kenya,4040001,  Coalition: JUBILEE (JUBILEE) - SEE POLITY NOTES
Kenya,4040002,  Orange Democratic Movement (ODM)
Kenya,4040003,  Wiper Democratic Movement (WDM - K)
Kenya,4040004,  Forum for Restoration of Democracy (FORD - KENYA)
Kenya,4040005,  Kenya African National Union (KANU)
Kenya,4040006,  Party of Action (POA)
Kenya,4040010,  National Rainbow Coalition (NARC - K)
Kenya,4040011,  Kenya Social Congress (KSC)
Kenya,4040012,  Restore and Build Kenya (RBK)
Kenya,4040013,  Safina (SAFINA)
Kenya,4040014,  Alliance for Real Change (ARK)
Kenya,4040015,  FORD - Asili (FORD-ASILI)
Kenya,4040016,  Party of National Unity (PNU)
Kenya,4040017,  Kenya National Democratic Alliance (KENDA)
Kenya,4040018,  The National Vision Party (NVP)
Kenya,4040019,  Chama Cha Mwananchi (CCM)
Kenya,4040020,  Kenya National Congress (KNC)
Kenya,4040021,  Party of Independent Candidates of Kenya (PICK)
Kenya,4040022,  Agano Party (APK)
Kenya,4040023,  Social Democratic Party of Kenya (SDP)
Kenya,4040024,  National Rainbow Coalition (NARC)
Kenya,4040025,  Mzalendo Saba Saba Party (MSS)
Kenya,4040026,  Democratic Party of Kenya (DP)
Kenya,4040027,  United Democratic Movement (UDM)
Kenya,4040028,  Federal Party of Kenya (FPK)
Kenya,4040029,  National Agenda Party of Kenya (NAPK)
Kenya,4040030,  The Labor Party of Kenya (LPK)
Kenya,4040031,  Saba Saba Asili (SSA)
Kenya,4040032,  Peoples Party of Kenya (PPK)
Kenya,4040033,  Mwangaza Party (MP)
Kenya,4040100,  The National Alliance (TNA)
Kenya,4040101,  United Republican Party (URP)
Kenya,4040102,  United Democratic Front (Forum) (UDFP)
Kenya,4040103,  Alliance Party of Kenya (APK)
Kenya,4040104,  New Ford Kenya (NFK)
Kenya,4040105,  Republican Congress Party of Kenya (RC)
Kenya,4040106,  Chama Cha Uzalendo (CCU)
Kenya,4040107,  Forum for the Restoration of Democracy - People (FORD-P)
Kenya,4040108,  Coalition: AMANI (AMANI)  - SEE POLITY NOTES
Kenya,4040109,  Grand National Union (GNU)
Kenya,4040200,  Coalition: CORD (CORD) - SEE POLITY NOTES
Kenya,4040201,  Coalition: EAGLE (EAGLE) - SEE POLITY NOTES
Kenya,4040202,  Coalition: PAMBAZUKA (PAMBAZUKA) - SEE POLITY NOTES
Kyrgyzstan,4170001,  Ar Namys
Kyrgyzstan,4170002,  Social-Democrats Party
Kyrgyzstan,4170003,  Communist Party of Masaliev
Kyrgyzstan,4170004,  Socialist Party
Kyrgyzstan,4170005,  Alga Kyrgyzstan
Kyrgyzstan,4170006,  Asaba (Republic National Party)
Kyrgyzstan,4170007,  Free Kyrgyzstan
Kyrgyzstan,4170008,  New Kyrgyzstan
Kyrgyzstan,4170011,  Communist Party
Kyrgyzstan,4170012,  Communist Party of Kyrgyzstan
Kyrgyzstan,4170013,  KDK
Kyrgyzstan,4170014,  Moy Kyrgyzstan
Kyrgyzstan,4170015,  Molodej Kyrgyzstan
Kyrgyzstan,4170016,  Zastroyshik party
Kyrgyzstan,4170017,  Youth Party
Kyrgyzstan,4170018,  Adilet
Kyrgyzstan,4170019,  Jetigen - Yntymak
Kyrgyzstan,4170020,  Edinstvo I Trud
Kyrgyzstan,4170021,  Narodnoe Dvijenie Kyrgyzstan (NDK)
Kyrgyzstan,4170022,  Mekenim Kyrgyzstan
Kyrgyzstan,4170023,  Coalition for Democracy and Civil Society
Kyrgyzstan,4170024,  Avangard Sultanova
Kyrgyzstan,4170025,"""Manas"" youth organization"
Kyrgyzstan,4170026,  Aris
Kyrgyzstan,4170027,  Azattyk party
Kyrgyzstan,4170028,  Baitik Ata
Kyrgyzstan,4170029,  Builders' movement
Kyrgyzstan,4170030,  Democratic Movement of Kyrgyzstan
Kyrgyzstan,4170031,"  NGO ""Gender Development"""
Kyrgyzstan,4170032,"""Svododniy Kyrgyzstan"" party"
Kyrgyzstan,4170101,  Akbarali Aitikeev (Independent) - SEE POLITY NOTES
Kyrgyzstan,4170102,  Kurmanbek Bakiev (Independent) - SEE POLITY NOTES
Kyrgyzstan,4170103,  Bakir uulu Tursunbai (Independent) - SEE POLITY NOTES
Kyrgyzstan,4170104,  Keneshbek Dushebaev (Independent) - SEE POLITY NOTES
Kyrgyzstan,4170105,  Zhipar Zheksheev (Independent) - SEE POLITY NOTES
Kyrgyzstan,4170106,  Toktaiim Umetalieva (Independent) - SEE POLITY NOTES
Kyrgyzstan,4170107,  Eshimkanov Melis (Independent) - SEE POLITY NOTES
Kyrgyzstan,4170108,  Askar Akaev (Independent) - SEE POLITY NOTES
Kyrgyzstan,4170109,  Akunov Tursunbai (Independent) - SEE POLITY NOTES
Kyrgyzstan,4170110,  Atambaev Almazbek (Independent) - SEE POLITY NOTES
Kyrgyzstan,4170111,  Masaliev Apsamat (Independent) - SEE POLITY NOTES
Kyrgyzstan,4170112,  Tekebaev Omurbek (Independent) - SEE POLITY NOTES
Latvia,4280001,"  Harmony Centre (SC) / Social Democratic Party ""Harmony"" (S) - "
Latvia,4280002,  Unity (V)
Latvia,4280003,  National Union All for Latvia For Fatherland and Freedom (LNNK)
Latvia,4280004,  For a Good Latvia (PLL) - SEE POLITY NOTES
Latvia,4280005,  Union of Greens and Farmers (ZZS) - SEE POLITY NOTES
Latvia,4280006,  For Human Rights in United Latvia (PCTVL)
Latvia,4280007,  Reform Party (RP) - SEE POLITY NOTES
Latvia,4280011,  The Progressives
Latvia,4280012,  Who Owns the State? (KPV LV)
Latvia,4280013,  For Latvia from the Heart (NsL) / Awakening - SEE POLITY NOTES
Latvia,4280014,  Latvian Association of the Regions (LRa)
Latvia,4280015,  Made in Latvia
Latvia,4280016,  Union of Social Democratic Parties Responsibility (TBILDIBA)
Latvia,4280017,  For a Presidential republic
Latvia,4280018,  Last Party
Latvia,4280019,  People's Control
Latvia,4280020,  Party Daugava for Latvia
Latvia,4280021,  Christian Democratic Union (KDS)
Latvia,4280022,  People's Party (TP)
Latvia,4280023,  New Era (JL)
Latvia,4280024,  First Party of Latvia (LPP) - SEE POLITY NOTES
Latvia,4280025,  Society for Different Politics (SCP)
Latvia,4280026,  All for Latvia (PVL)
Latvia,4280027,  Party of Social Justice (STP)
Latvia,4280028,  Eurosceptics / Action Party - SEE POLITY NOTES
Latvia,4280029,  Latvia's Way (LC)
Latvia,4280030,  Terra Marianna
Latvia,4280031,  Fatherland Union (PTS)
Latvia,4280032,  Social Democratic Workers Party of Latvia (LSDSP)
Latvia,4280033,  Communist Party of Latvia (LKP)
Latvia,4280034,  Light of Latgale (LG)
Latvia,4280035,  National Harmony Party (TSP)
Latvia,4280036,  Latvia's First Party/Latvian Way (LPP/LC) - SEE POLITY NOTES
Latvia,4280037,"  Freedom  Free from fear, hate and anger"
Latvia,4280038,"  Union ""For Fatherland and Freedom""/LNNK (TB/LNNK)"
Latvia,4280039,  Latvian Russian Union (LKS) - SEE POLITY NOTES
Latvia,4280040,  United for Latvia (ViLa)
Latvia,4280041,  Latvian Development (LAAT)
Latvia,4280042,  New Conservative Party (JKP)
Latvia,4280043,  Growth
Latvia,4280044,  Sovereignty
Latvia,4280045,  National Power Unity (NSS)
Latvia,4280046,  Latvian Nationalists
Latvia,4280047,  For an Alternative 
Latvia,4280048,  Latvian Centrist Party
Latvia,4280100,  Development/For! (AP!) - SEE POLITY NOTES
Latvia,4280101,  The New Unity (JV) - SEE POLITY NOTES
Latvia,4280102,  SKG Alliance - SEE POLITY NOTES
Latvia,9999989,  Independent Candidate - SEE POLITY NOTES
Lithuania,4400001,  Homeland Union-Conservatives / Lithuanian Christian Democrats
Lithuania,4400002,  Christian Democratic Party 
Lithuania,4400003,  Social Democratic Party (LSDP)
Lithuania,4400004,  Liberal Union (LLiS)
Lithuania,4400005,  Democratic Labor Party (LDDP)
Lithuania,4400006,  Center Union (LCS)
Lithuania,4400007,"  Nationalist Party - ""Young Lithuania"" (JL)"
Lithuania,4400008,  Lithuanian Farmers and Greens Union (LVZS)
Lithuania,4400009,  Liberal Movement of the Republic of Lithuania (LRLS)
Lithuania,4400010,  Labor Party (DP)
Lithuania,4400011,  Peasants Party (LVP)
Lithuania,4400012,  Socialist Party
Lithuania,4400013,  (Lithuanian) Poles Election Action - Christian Families Alliance 
Lithuania,4400014,  Nationalists Union (LTS)
Lithuania,4400015,  New Democracy - Women's Party (LMP - NDP)
Lithuania,4400016,  Alliance of Ethnic Minorities (LTMA)
Lithuania,4400017,  Economy Party (LUP)
Lithuania,4400018,  Democratic Party (LDP)
Lithuania,4400019,  Political Refugees and Prisoners Union (LPKTS)
Lithuania,4400020,  Freedom League
Lithuania,4400021,  National Progress Party (Tpp)
Lithuania,4400022,  Freedom Party (LP)
Lithuania,4400023,  Lithuanian Social Democratic Labor Party (LSDDP)
Lithuania,4400024,  Center Party - Nationalists (CPT) - SEE POLITY NOTES
Lithuania,4400025,  Party Order and Justice (PTT)
Lithuania,4400026,  Lithuanian Green Party (LZP)
Lithuania,4400027,  National Alliance (NS)
Lithuania,4400028,"  Political Party ""List of Lithuania"" - SEE POLITY NOTES"
Lithuania,4400029,  Lithuanian People's Party (LLP)
Lithuania,4400030,"  Political Party ""The Way of Courage"" (DK)"
Lithuania,4400031,  Freedom and Justice (LT) - SEE POLITY NOTES
Lithuania,4400032,  Lithuanian Freedom Union (Liberals) (LLS) - SEE POLITY NOTES
Lithuania,4400033,  Liberal and Centre Union (LiCS) 
Lithuania,4400034,"  Political Party ""Yes"" (TAIP)"
Lithuania,4400035,"  Party ""Lithuania - For Everyone"" (PLV)"
Lithuania,4400036,  Christian Union (KS)
Lithuania,4400037,  The Union of Generations' Solidarity - Unity for Lithuania (KSSSL)
Lithuania,4400038,  Christian Party (KP)
Lithuania,4400039,"  National Union ""For Lithuania in Lithuania"""
Lithuania,4400040,  Democratic Labor and Unity Party
Lithuania,4400041,  Republican Party
Lithuania,4400042,"  Political Party ""Lithuanian Green Union"""
Lithuania,4400101,  A Paulauskas (Independent) 
Lithuania,4400102,  V  Adamkus (Independent)
Lithuania,4400103,  R Pavilionis (Independent)
Lithuania,4400200,  Anti-Corruption Coalition (LCP-LPP) - SEE POLITY NOTES
Lithuania,4400201,  Coalition of Anti-Corruption and Poverty
Mexico,4840001,  Institutional Revolutionary Party (PRI)
Mexico,4840002,  National Action Party (PAN)
Mexico,4840003,  Democratic Revolution Party (PRD)
Mexico,4840004,  Labor Party (PT)
Mexico,4840005,  Ecological Green Party of Mexico (PVEM)
Mexico,4840006,  New Alliance Party (PANAL or: PNA)
Mexico,4840007,  Citizen's Movement (MC) - SEE POLITY NOTES
Mexico,4840008,  Social Democratic Party (PSD) - SEE POLITY NOTES
Mexico,4840010,  National Regeneration Movement (MORENA)
Mexico,4840011,  Possible Mexico
Mexico,4840012,  Social Encounter Party (PES)
Mexico,4840013,  Authentic Party of the Mexican Revolution (PARM)
Mexico,4840014,  Social Alliance Party (PAS)
Mexico,4840015,  Democratic Center Party (PCD)
Mexico,4840016,  Cardenista Party (PFCRN)
Mexico,4840017,  Citizen's Force (FC)
Mexico,4840022,  Alliance for Change - SEE POLITY NOTES
Mexico,4840023,  Alliance for Mexico - SEE POLITY NOTES
Mexico,4840024,  Mexican Democratic Party (PDM)
Mexico,4840025,  Humanist Party (PH)
Mexico,4840026,  Mexican Liberal Party (PLM)
Mexico,4840027,  Popular Socialist Party (PPS)
Mexico,4840028,  Coalition for the Good of All (PRD - PT - Convergence) - SEE
Mexico,4840029,  Institutional Revolutionary Party - Ecological Green Party 
Mexico,4840030,  Nationalist Society Party (PSN)
Mexico,4840031,  Social Democracy
Mexico,4840032,  Possible Mexico
Mexico,4840100,  Jaime Heliodoro Rodriguez Calderon (Independent)
Montenegro,4990001,  Democratic Party of Socialists (DPS)
Montenegro,4990002,  New Serb Democracy (NSD)
Montenegro,4990003,  Socialist People's Party (SNP)
Montenegro,4990004,  Social Democratic Party (SDP)
Montenegro,4990006,  Positive Montenegro (PCG)
Montenegro,4990007,  Croatian Civic Initiative (HGI)
Montenegro,4990008,  Movement for Changes (PZP)
Montenegro,4990009,  Bosniak Party (BS)
Montenegro,4990010,  Social Democrats of Montenegro (SD)
Montenegro,4990011,"  Coalition ""For a European Montenegro"" - SEE POLITY NOTES"
Montenegro,4990012,  Democratic Front (DF) - SEE POLITY NOTES
Montenegro,4990013,  Democratic Montenegro (DCG)
Montenegro,4990014,  Democratic Union of Albanians (UDSH-DUA)
Montenegro,4990015,  Democratic Alliance (DEMOS)
Montenegro,4990021,  Coalition LP and DC (LP and DC)
Montenegro,4990022,  Yugoslav Communist Party (JKP)
Montenegro,4990023,  Democratic Party (DP)
Montenegro,4990024,  Montenegrin Communists
Montenegro,4990025,  Serbian People's Party (SNS)
Montenegro,4990026,  United Reform Action (GP URA)
Montenegro,4990027,  Serbian List (SL)
Montenegro,4990030,  Workers Party (RP)
Montenegro,4990031,  Youth Alliance of Albanians
Montenegro,4990032,  Albanian Coalition (AK) - SEE POLITY NOTES
Montenegro,4990033,  Albanian List (DSCG / AA) - SEE POLITY NOTES
Montenegro,4990034,  Albanian Coalition - Perspective (AKP)
Montenegro,4990035,  People's Coalition (NK) - SEE POLITY NOTES
Montenegro,4990036,  Party of Pensioners and Disabled
Montenegro,4990037,  Serbian Unity (SS)
Montenegro,4990038,  Forca New Democratic Power (Forca)
Montenegro,4990039,  Force for Unity (FZJ - FPB)
Montenegro,4990040,  Bosniaks and Muslims - Together
Montenegro,4990041,  Liberal Party (LP)
Montenegro,4990043,  Albanian Alternative (AA)
Montenegro,4990044,  Democratic Alliance in Montenegro (DS)
Montenegro,4990045,  Democratic Alliance of Albanians
Montenegro,4990046,  Serb Party (SS)
Montenegro,4990047,  Bosniak Democratic Union in Montenegro (BDZ)
Montenegro,4990048,  Alternative Montenegro (ACG)
Montenegro,4990049,  Party of Serb Radicals (SSR)
Montenegro,4990100,"  Key Coalition (DEMOS, SNP, URA) - SEE POLITY NOTES"
Montenegro,4990101,  Albanians Decisively (FORCA-DUA-AA) - SEE POLITY NOTES
Montenegro,4990102,"  Albanian Coalition ""With one Goal"" - - SEE POLITY NOTES"
Netherlands,5280001,  Christian Democratic Appeal (CDA)
Netherlands,5280002,  Labor Party (PvdA)
Netherlands,5280003,  People's Party for Freedom and Democracy (VVD)
Netherlands,5280004,  Democrats 66 (D66)
Netherlands,5280005,  Green Left (GL) - SEE POLITY NOTES
Netherlands,5280006,  Socialist Party (SP)
Netherlands,5280007,  Reformed Political Party (SGP)
Netherlands,5280008,  Christian Union (CU) - SEE POLITY NOTES
Netherlands,5280009,  Party for Freedom (PVV)
Netherlands,5280010,  Party for the Netherlands (PVN)
Netherlands,5280011,  Proud of the Netherlands (TON)
Netherlands,5280012,  One NL (EenNL)
Netherlands,5280013,  Party for the Animals (PvdD)
Netherlands,5280014,  List Pim Fortuyn (LPF)
Netherlands,5280015,  Local List 
Netherlands,5280016,  Livable Netherlands (LN)
Netherlands,5280017,  United Seniors Party (VSP) - SEE POLITY NOTES
Netherlands,5280019,  Anti-Revolutionary Party (ARP)
Netherlands,5280020,  Farmer Party (Bp)
Netherlands,5280021,  Centre Democrats (CD)
Netherlands,5280022,  Centre Party (CP)
Netherlands,5280023,  Communist Party of the Netherlands (CPN)
Netherlands,5280024,  Democratic Socialists 70 (DS70)
Netherlands,5280025,  Evangelical People's Party (EVP)
Netherlands,5280026,  Reformed Political Alliance (GPV)
Netherlands,5280027,  The Greens (Groen)
Netherlands,5280028,  Catholic Peoples Party (KVP) 
Netherlands,5280029,  New Communist Party of the Netherlands (NCPN)
Netherlands,5280030,  Natural Law Party (NLP)
Netherlands,5280031,  New Middle Party (NMP)
Netherlands,5280032,  Radical Political Party (PPR)
Netherlands,5280033,  Pacifist Socialist Party (PSB)
Netherlands,5280034,  Party for the Future (PvdT)
Netherlands,5280035,  Reformatory Political Federation (RPF)
Netherlands,5280036,  Republican People's Party (RVP)
Netherlands,5280037,  Social Democratic Workers' Party (SDAP)
Netherlands,5280038,  Free Indian Party (VIP)
Netherlands,5280039,  Free Indian Party - The Elder Union (VIP - Ouderenunie) - SEE 
Netherlands,5280040,  Union 55+
Netherlands,5280041,  Seniors 2000
Netherlands,5280042,  Mobile Netherlands
Netherlands,5280043,  New Social Elder's Party
Netherlands,5280044,  You and the Idealists
Netherlands,5280045,  The Electoral Collective
Netherlands,5280046,  Sustainable Netherlands
Netherlands,5280047,  Female Interaction
Netherlands,5280048,  50Plus (50+)
Netherlands,5280049,  Political Movement Think (DENK)
Netherlands,5280050,  Forum for Democracy (FvD)
Netherlands,5280051,  For Netherlands (VNL)
Netherlands,5280052,  Pirate Party (PPNL)
Netherlands,5280053,  Together (BIJ1) - SEE POLITY NOTES
Netherlands,5280054,  New Ways
Netherlands,5280055,  Entrepreneurs Party
Netherlands,5280056,  Volt Netherlands (Volt)
Netherlands,5280057,  Correct Answer 2021 (JA21)
Netherlands,5280058,  Farmer-Citizen Movement (BBB)
Netherlands,5280059,  Code Orange (CO)
Netherlands,5280060,  NIDA
Netherlands,5280061,  Splinter
Netherlands,5280062,  Young (JONG)
Netherlands,5280063,  Henk Krol List (LHK)
Netherlands,5280064,  Netherlands Better
Netherlands,5280065,  List 30
Netherlands,5280066,  Libertarian Party (LP)
Netherlands,5280067,  OpRecht
Netherlands,5280068,  Free and Social Netherlands (VSN)
New Zealand,5540001,  National Party (NP)
New Zealand,5540002,  Labor Party (Lab)
New Zealand,5540003,  New Zealand First (NZF)
New Zealand,5540004,  Act New Zealand (ACT)
New Zealand,5540005,  Green Party (GP)
New Zealand,5540006,  United Future New Zealand (UFNZ) - SEE POLITY NOTES
New Zealand,5540007,  Conservative Party (CP)/New Conservative (NC) - SEE POLITY NOTES
New Zealand,5540008,  Maori Party (MP)
New Zealand,5540009,  Alliance (ALL)
New Zealand,5540010,  Internet MANA (IP - MANA) - SEE POLITY NOTES
New Zealand,5540011,  MANA Movement (MANA)
New Zealand,5540012,  Jim Anderton's Progressive Party (PP) - SEE POLITY NOTES
New Zealand,5540013,  Future New Zealand (FNZ)
New Zealand,5540014,  Christian Heritage Party of New Zealand (CHP)
New Zealand,5540015,  United New Zealand (UNZ)
New Zealand,5540016,  NZ Conservative
New Zealand,5540017,  One New Zealand Party - SEE ELECTION STUDY NOTES
New Zealand,5540018,  New Zealand Pacific Party - SEE ELECTION STUDY NOTES
New Zealand,5540019,  Libertarian
New Zealand,5540020,  Liberal
New Zealand,5540021,  Progressive Green
New Zealand,5540022,  Workers' Party
New Zealand,5540023,  Mana Maori
New Zealand,5540024,  Mana Motuhake
New Zealand,5540025,  Libertarian
New Zealand,5540026,  Kiwi Party - SEE POLITY NOTES
New Zealand,5540027,  Blokes' Libertarian
New Zealand,5540028,  Democrat
New Zealand,5540029,  Family Party
New Zealand,5540030,  Green Society
New Zealand,5540031,  Progressive Party (PP)
New Zealand,5540032,  Residents' Action Movement (RAM)
New Zealand,5540033,  Republic of NZ (RONZP)
New Zealand,5540034,  McGillicuddy Serious (McGSP)
New Zealand,5540035,  Democrats for Social Credit (NZDSC)
New Zealand,5540036,  Outdoor Recreation New Zealand (OR)
New Zealand,5540037,  Christian Coalition
New Zealand,5540038,  Aotearoa Legalise Cannabis (ALCP)
New Zealand,5540039,  Bill and Ben Party (B&B)
New Zealand,5540040,  The Opportunities Party (TOP)
New Zealand,5540041,  New Zealand People's Party
New Zealand,5540042,  Ban 1080 Party
New Zealand,5540043,  Climate First Party
New Zealand,5540044,  Forest and Bird Party
New Zealand,5540045,  New Zealand Outdoors Party
Norway,5780001,  Labor Party (Ap) - SEE POLITY NOTES
Norway,5780002,  Conservative Party (H)
Norway,5780003,  Progress Party (FrP)
Norway,5780004,  Socialist Left Party (SV)
Norway,5780005,  The Greens (MDG)
Norway,5780006,  Center Party (Sp)
Norway,5780007,  Christian People's Party (KrF) - SEE POLITY NOTES
Norway,5780008,  Liberal Party (V)
Norway,5780009,  Red Party (R) - SEE POLITY NOTES
Norway,5780010,  Red Electoral Alliance (RV)
Peru,6040001,  Popular Force (FP) - SEE POLITY NOTES
Peru,6040002,  Peruvians for Change (PPK)
Peru,6040003,"  Broad Front for Justice, Life and Liberty (Frente Amplio)"
Peru,6040004,  Alliance for Progress (APP) - SEE ELECTION STUDY NOTES
Peru,6040005,  Popular Alliance - SEE POLITY NOTES
Peru,6040006,  Popular Action (AP)
Peru,6040007,  Direct Democracy
Peru,6040008,  Possible Peru - SEE POLITY NOTES
Peru,6040009,  Hope Front
Peru,6040010,  Free Peru (PL)
Peru,6040011,  Popular Renewal (RP) - SEE POLITY NOTES
Peru,6040012,  Go on Country - Social Integration Party (AvP)
Peru,6040013,  Together for Peru (JP)
Peru,6040014,  National Restoration (RN)
Peru,6040015,  National Solidarity Alliance - SEE POLITY NOTES
Peru,6040016,  We Are Peru (PDSP)
Peru,6040017,  Possible Peru (PP)
Peru,6040018,  Peruvian Nationalist Party (PNP) - SEE POLITY NOTES
Peru,6040019,  Union for Peru (UPP)
Peru,6040020,  Christian People's Party (PPC)
Peru,6040021,  New Majority (Peru 2000 Block) (NM)
Peru,6040022,  Change 90 (Peru 2000 Block)
Peru,6040023,  Moralizing Independent Front (FIM)
Peru,6040024,  Agrarian People's Front of Peru (FREPAP)
Peru,6040025,  Center Front (FDC)
Peru,6040026,  Peruvian Aprista Party (PAP) - SEE POLITY NOTES
Peru,6040027,  Andean Renaissance / National United Renaissance (RUNA) -
Peru,6040028,  Let's Go Neighbor (VV)
Peru,6040029,  All for Victory
Peru,6040030,  People's Solution
Peru,6040031,  Forwards
Peru,6040032,  National Independent Front Peru 2000
Peru,6040033,  Project Country
Peru,6040034,  National Solidarity Party (PSN)
Peru,6040035,  National Victory (VN)
Peru,6040036,  We Can Peru (PP)
Peru,6040037,  Purple Party (PM)
Peru,6040038,  Peru Secure Homeland (PPS)
Peru,6040039,  With you (C)
Peru,6040040,  Order
Peru,6040050,  Peru Wins (UPP) - SEE POLITY NOTES
Peru,6040051,  Alliance for the Great Change (APGC) - SEE POLITY NOTES
Peru,6040052,  National Unity (UN) - SEE POLITY NOTES
Peru,6040053,  Alliance for the Future (AF) - SEE POLITY NOTES
Peru,6040054,  Peru 2000 - SEE POLITY NOTES
Philippines,6080001,  Liberal Party (LP)
Philippines,6080002,  Nationalist People's Coalition (NPC)
Philippines,6080003,  National Unity Party (NUP)
Philippines,6080004,  Nationalist Party (NP)
Philippines,6080005,  United Nationalist Alliance (UNA)
Philippines,6080006,  Philippine Democratic Party (PDP-LABAN)
Philippines,6080007,  Lakas - Christian-Muslim Democrats (LAKAS-CMD)
Philippines,6080008,  Democratic Action (Aksyon)
Philippines,6080009,  People's Reform Party (PRP)
Philippines,6080016,  Asenso Manileno Movement (AM)
Philippines,6080017,  New Society Movement (KBL)
Philippines,6080018,  Force of the Philippine Masses (PMP) - SEE POLITY NOTES
Philippines,6080019,  Voice of the Masses Party (PTM)
Philippines,6080020,  Abono Party List (Abono)
Philippines,6080021,"  Arts, Business and Science Professionals (Abs)"
Philippines,6080022,"  Anti-Crime and Terrorism Community Involvement and Support, Inc"
Philippines,6080023,  Alliance for Concerned Teachers (ACT-Teachers)
Philippines,6080024,  Acts Overseas Philippine Workers Coalition of Organizations
Philippines,6080025,  Association for Development Dedicated to Agriculture and Fishery
Philippines,6080026,  Agricultural Sector Alliance of the Philippines (AGAP)
Philippines,6080027,"  Agbiag! Timpuyog Ilocano, Inc"
Philippines,6080028,  Alliance of Groups Supporting Science and Technology for the 
Philippines,6080029,  Agri-Agra na Reforma para sa Magsasaka ng Pilipinas Movement 
Philippines,6080030,  Akbayan Citizens' Action Party (Akbayan)
Philippines,6080031,"  Akbay Kalusugan, Inc"
Philippines,6080032,  Ako Bicol (AKB)
Philippines,6080033,"  Alay Buhay Community Development Foundation, Inc"
Philippines,6080034,  One Patriotic Coalition of Marginalized Nationals (1-Pacman)
Philippines,6080035,  An Waray
Philippines,6080036,  Anak Bayan
Philippines,6080037,"  Ang National Coalition of Indigenous Peoples Action Na!, Inc"
Philippines,6080038,  Anakpawis (Anakpawis)
Philippines,6080039,  Una Ang Edukasyon (1-Ang Edukasyon)
Philippines,6080040,  Ang Kabuhayan
Philippines,6080041,"  Angkla: Ang Partido ng Pilipinong Marino, Inc"
Philippines,6080042,  Asia-Pacific Economic Cooperation (Apec)
Philippines,6080043,"  Append, Inc"
Philippines,6080044,  Ating Guro
Philippines,6080045,  Bagong Henerasyon (Bh)
Philippines,6080046,  Bayan Muna
Philippines,6080047,  Abakada-Gur (Abakada)
Philippines,6080048,  Butil Farmers Party (Butil)
Philippines,6080049,"  Cancer Alleviation Network on Care, Education and Rehabilitation, "
Philippines,6080050,  Citizen's Battle Against Corruption (CIBAC)
Philippines,6080051,  Central Luzon Alliance for Socialized Education (Clase)
Philippines,6080052,  Cooperative NATCCO Party (COOP-NATCCO)
Philippines,6080053,"  Democratic Independent Workers Association, Inc"
Philippines,6080054,  Gabriela Women's Party (GABRIELA)
Philippines,6080055,"  Global Workers and Family Federation, Inc"
Philippines,6080056,  Kabataan
Philippines,6080057,  Kusug Tausug
Philippines,6080058,  Power-Team
Philippines,6080059,  Reform the Armed Forces Movement (RAM)
Philippines,6080060,  Sandigan ng mga Manggagawa sa Konstruksyon (Samako)
Philippines,6080061,  Coalition of Associations of Senior Citizens of the Philippines Seniors
Philippines,6080062,  Talino at Galing ng Pinoy (TGP)
Philippines,6080063,  Trade Union Congress Party (TUCP)
Philippines,6080064,"  Manila Teachers Savings and Loan Association, Inc"
Philippines,6080065,"  Marino Samahan ng mga Seaman, Inc"
Philippines,6080066,  Movement of Women for Change and Reform (Melchora)
Philippines,6080067,  National Confederation of Tricycle Operators and Drivers 
Philippines,6080068,  Ang Mata'y Alagaan (Mata)
Philippines,6080069,  Pwersa ng Bayaning Atleta (Pba)
Philippines,6080070,  Struggle for Democratic Philipinos (LDP)
Philippines,6080071,  Kabayan Party List (Kabayan)
Philippines,6080072,  Bando Osmena Pundok Kauswagan (BOPK) - SEE POLITY NOTES
Philippines,6080073,"  Kasangga sa Kaunlaran, Inc"
Philippines,6080074,"  Ang Nars, Inc"
Philippines,6080075,"  Alliance of Philippine Fishing Federations, Inc"
Philippines,6080076,  Anak Mindanao (AMIN)
Philippines,6080077,"  Association of Marine officers and rating, Inc"
Philippines,6080078,  Abante Retirees Party-List Organization (Abante Retirees)
Philippines,6080079,  Alliance of Believers Bridge in Attaining Accurate and Meaningful 
Philippines,6080080,"  Abang Lingkod, Inc"
Philippines,6080081,"  1st Consumers Alliance for Rural Energy, Inc"
Philippines,6080082,  One Cebu (1-Cebu)
Philippines,6080083,"  Ang Asosasyon Sang Mangunguma Nga Bisaya Owa Mangunguma, Inc"
Philippines,6080084,  Democratic Action (AD)
Philippines,6080085,  Ahon Pinoy (Ahon)
Philippines,6080086,  Aksyon Magsasaka Partido Tinig ng Masa (AKMA-PTM)
Philippines,6080087,  Alliance for the Common Good (AKP) - SEE POLITY NOTES
Philippines,6080088,  Alayon - Nationalist Party (ALAYON - NP)
Philippines,6080089,  Alayon - National People's Coalition (ALAYON - NPC)
Philippines,6080090,  Ang Laban ng Indiginong Philippine (ALIF)
Philippines,6080091,  Ang Laban ng Indiginong Philippine (ALIF)
Philippines,6080092,  Apdr-Acc
Philippines,6080093,  Alliance Party For Progress (APP)
Philippines,6080094,  Arangkada San Joseno (ASJ)
Philippines,6080095,"  Academicians, Students and Educators Alliance, Inc"
Philippines,6080096,  Philippine Coconut Producers Federation (Cocofed)
Philippines,6080097,  Confederation of Non-Stocks Savings and Loan Associations Inc
Philippines,6080098,  Communist Party of the Philippines - New People's Army (CPP - NPA)
Philippines,6080099,  United Opposition (KNP) - SEE POLITY NOTES
Philippines,6080106,  May First Labor Movement (KMU)
Philippines,6080107,  Coalition of United Philippines (KNP)
Philippines,6080108,  Struggle of the Patriotic Philippine Masses (LAMMP) - SEE POLITY
Philippines,6080109,  Citizens Against Drugs (MAD)
Philippines,6080110,  Magdalo Para sa Pilipino (Magdalo)
Philippines,6080111,  Partido ng Bayan ng Bida (PBB)
Philippines,6080112,  Philippine Democratic Socialist Party (PDSP)
Philippines,6080113,"  PISTON Land Transportation Coalition, Inc"
Philippines,6080114,  Labor Party (PM)
Philippines,6080115,  Party of the Laboring Masses (PLM) - SEE ELECTION STUDY NOTES
Philippines,6080116,  Progressive Movement for the Devolution of Initiatives (PROMDI)
Philippines,6080117,  New Nation- Volunteers for a New Philippines (VNP)
Philippines,6080118,  United Nationalist Democratic Organization (UNIDO)
Philippines,6080119,  Tingog Sinirangan
Philippines,6080120,  Party of the People of the City
Philippines,6080121,  Ladlad - SEE POLITY NOTES
Philippines,6080122,  Aangat Tayo
Philippines,6080123,"  Sisters of Gabriela, Awaken (SiGAw)"
Philippines,6080124,  Sanlakas (SANLAKAS)
Philippines,6080125,  Veterans Federation of the Philippines (VFP)
Philippines,6080126,  You Against Corruption and Poverty (Yacap)
Philippines,6080127,  Party for Democratic Reforms - Workers' and Farmers' Party
Philippines,6080128,  Partido Bagong Maharlika (PBM)
Philippines,6080129,  Philippine Democratic Party (PDP) - SEE POLITY NOTES
Philippines,6080130,  Isang Lapian ng Mangingisda at Bayan Tungo sa Kaunlaran (1-LAMBAT)
Philippines,6080132,  1-United Transport Koalisyon (1-UTAK)
Philippines,6080133,"  Advocacy for Teacher Empowerment Through Action, Cooperation and Harmony"
Philippines,6080134,"  Abante Mindanao, Inc"
Philippines,6080135,  Alliance Barangay Concern (ABC)
Philippines,6080136,"  Adhikain at Kilusan ng Ordinaryong Tao Para sa Lupa, Pabahay, "
Philippines,6080137,  Amana-Action of the United People (AMANA)
Philippines,6080138,"  Advocacy For Teacher Empowerment Through Action, Cooperation And "
Philippines,6080139,  Assalam Party (ASSALAM)
Philippines,6080140,  Adhikaing Tinataguyod ng Kooperatiba (Ating Koop)
Philippines,6080141,  New Generation (BH) - SEE ELECTION STUDY NOTES
Philippines,6080142,  Bigkis Pinoy Movement (Bigkis)
Philippines,6080143,  Rise Up Philippines (BP)
Philippines,6080144,  Let Life Prosper (Buhay)
Philippines,6080146,  Advocacy for Social Empowerment and Nation Building through Easing
Philippines,6080147,  Partner of the Free Philippines (KAMPI)
Philippines,6080148,  Indigenous People's Sectoral Party (KATRIBU)
Philippines,6080149,  Lakas - CM - LP - NPC - KAMPI -
Philippines,6080150,  Kabalikat ng Bayan sa Kaunlaran (Kabaka)
Philippines,6080151,  Kabataan Party List (KABATAAN)
Philippines,6080152,  Abe
Philippines,6080153,  Acosta Movement
Philippines,6080154,  Administration Party
Philippines,6080155,  Akbayan Citizens' Action Party
Philippines,6080156,  Alayon - Pablo Garcia Party
Philippines,6080157,  Allan Cayetano's party - SEE POLITY NOTES
Philippines,6080158,  Alliance of Philippine Parties
Philippines,6080159,  Alvin Almirante Group
Philippines,6080160,  Amang
Philippines,6080161,  ANAD
Philippines,6080162,  Apec - Association Of Power Electric Cooperatives
Philippines,6080163,  At Pichay Line
Philippines,6080164,  Balahi
Philippines,6080165,  Bumangon
Philippines,6080166,  BUNYE
Philippines,6080167,  Candidates with no information about party affiliation
Philippines,6080168,  Christian-Muslim Democrat
Philippines,6080169,  Firm 24k
Philippines,6080170,  Grupo Pongreso
Philippines,6080172,  Jamby A S Madrigal
Philippines,6080173,  Jesus N P Perlas
Philippines,6080174,  Kay Digs Dilangalen
Philippines,6080175,  Lamp
Philippines,6080176,  Nation First
Philippines,6080177,  Pang-Masa
Philippines,6080178,  Legarda's Party
Philippines,6080180,  Marco's Party
Philippines,6080181,  Mayor of Meycauayan
Philippines,6080182,  Migrante Int'l
Philippines,6080183,  NATU
Philippines,6080184,  Partido ng Masa Sa Jiabong
Philippines,6080185,  Party of Bulacan's mayor
Philippines,6080186,  Party of Juan Ponce Enrile
Philippines,6080187,  Party of Raul Gonzales
Philippines,6080188,  Party of Recom Liping Caloocan
Philippines,6080189,  Ramo's Party
Philippines,6080190,  UGYON - SEE POLITY NOTES
Philippines,6080191,  Yung Kay Angara
Philippines,6080192,  Yung Kay Erap At Kay Fpj (Pareho Lang Yun)
Philippines,6080193,  Zubiri's party
Philippines,6080194,  PMDI-PPCV
Philippines,6080195,  Kilusan para sa Pambansang Pagpapanibago (KPP)
Philippines,6080200,  Abansi Pinay
Philippines,6080201,  Alu
Philippines,6080202,  ANAD
Philippines,6080203,  Bayan
Philippines,6080204,  Alab Katipunan
Philippines,6080205,  Caring Love (LL)
Philippines,6080900,  Voted but did not vote for a lower house candidate
Philippines,6080901,  Voted but did not vote for a Presidential candidate
Philippines,6089995,  Others
Poland,6160001,  Civic Platform (PO)
Poland,6160002,  Law and Justice (PiS)
Poland,6160003,  Polish Peasants' (or People's) Party (PSL)
Poland,6160004,  Solidarity Electoral Action (AWSP) - SEE POLITY NOTES
Poland,6160006,  Polish Labor Party (PPP)
Poland,6160007,  Labor Union (UP)
Poland,6160008,  Freedom Union (UW)
Poland,6160009,  Democratic Left Alliance (SLD) - SEE POLITY NOTES
Poland,6160010,  Movement for Reconstruction of Poland (ROP)
Poland,6160014,  League of Polish Families (LPR)
Poland,6160015,  German Minority (MN)
Poland,6160016,  Poland Comes First (PJN)
Poland,6160017,  Palikots Movement
Poland,6160018,  Congress of the New Right (KNP)
Poland,6160019,  Patriotic Self-Defense  Samoobrona (P)
Poland,6160020,  Left and Democrats (LiD) - SEE ELECTION STUDY NOTES
Poland,6160021,  Left Together (Razem)
Poland,6160022,  Modern (Nowo)
Poland,6160023,  New Hope (KORWiN)
Poland,6160024,  Self-Defense of the Republic of Poland (SRP)
Poland,6160025,  Kukiz'15 (K'15)
Poland,6160026,  Our Home Poland (NDP)
Poland,6160027,  Real Politics Union (UPR)
Poland,6160028,  Confederation of Independent Poland (KPN)
Poland,6160029,  National Party of Pensioners and Retired (KPEiR)
Poland,6160030,  National Agreement of Pensioners and Retired of the Republic Poland
Poland,6160032,  Nonpartisan Local Government Activists (BS)
Poland,6160033,  Spring
Poland,6160034,  Alternative Social Movement (ARS) - SEE POLITY NOTES
Poland,6160035,  Center Party (Centrum)
Poland,6160036,  Christian Democratic Party of the Third Republic (ChD)
Poland,6160037,  Christian Democracy (CP)
Poland,6160038,  Ancestral Home (DO)
Poland,6160039,  Democratic Party (DP)
Poland,6160040,  Citizen's Forum  - Christian Democracy (FO - CP)
Poland,6160041,  Feminist Initiative (IF)
Poland,6160042,  Partia Inicjatywa (IRP)
Poland,6160043,"""Porozumienie Prawicy Polskiej"" (KPN)"
Poland,6160044,  National Christian Democratic - Bloc for Poland (NCD - BdP)
Poland,6160045,  New Left (NL)
Poland,6160046,  National Rebirth of Poland (NOP)
Poland,6160047,"  Peasant Party ""Ojcowizna"" RP (Ojcowizna RP)"
Poland,6160048,  Ogolnopolska Koalicja Obywatelska (OKO)
Poland,6160049,"  Citizens' Committee for the Defense of Opolszczyzna, Poland"
Poland,6160050,  Polish Party Of Christian Democrats (PChD)
Poland,6160051,  Democratic Party (PD)
Poland,6160052,  Polish National Party (PPN)
Poland,6160053,  Polish Socialist Party (PPS)
Poland,6160054,  Right Wing of the Republic (PR)
Poland,6160055,  Polish Peasant Party - Law and Justice (PSL - PiS) - SEE ELECTION
Poland,6160056,  Polish People's Alliance - 'Poland Labor Justice' (PSL - PL)
Poland,6160057,  Polish National Party (PSN)
Poland,6160058,  Polish United Workers' Party (PUWP)
Poland,6160059,  Polish National Community (PWN)
Poland,6160060,  Polish National Commonwealth - Polish National Party (PWN-PSN)
Poland,6160061,  Polish Western Union (PZZ)
Poland,6160062,  National Catholic Movement (RK-N)
Poland,6160063,  Ruch Ludzi Pracy (RLP)
Poland,6160064,  Family-Homeland (R-O) - SEE ELECTION STUDY NOTES
Poland,6160065,  Patriotic Movement of the Republic of Poland (RP) - SEE POLITY
Poland,6160066,  Social Movement-Solidarity Electoral Action (RS AWS)
Poland,6160067,  Democratic Party (SD)
Poland,6160068,  Social Democracy of Poland (SDPL)
Poland,6160069,  Social Democracy of the Republic of Poland (SdRP)
Poland,6160070,  Coalition Of The Alliance Of The Democratic Left - The Union of  Labor
Poland,6160071,  Union of the Republic's Rightists (UPR)
Poland,6160072,  Christian National Union (ZChN) - SEE ELECTION STUDY NOTES
Poland,6160073,  Polish Teachers' Union (ZNP)
Poland,6160074,Jednomandatowe Okregi Wyborcze
Poland,6160075,Klub Sluzby Niepodleglsoci- Okregu Wyborczego Nr 10
Poland,6160076,Slask W Europie
Poland,6160077,Niezalezna i bezpartyjna
Poland,6160078,  Alliance of the Polish Right
Poland,6160079,  Bogdana Jorusewicza
Poland,6160080,  Cimoszewicz do Senatu
Poland,6160081,  Coalition Electoral Solidarity
Poland,6160082,  Committee of voters
Poland,6160083,  Conservative Peasant Party
Poland,6160084,  German Minority - Prawoslawni Slavic Ethnic Association - 
Poland,6160085,  German Minority Association In Olsztyn
Poland,6160086,  German Minority Association In Opole Silesia
Poland,6160087,  German Minority Of Upper Silesia
Poland,6160088,  Henryk Tadeusz Stoklosa
Poland,6160089,  Inne Zrzeszone W SLD
Poland,6160090,  Kazimierza Juliana Kutza
Poland,6160091,  Labor Solidarity
Poland,6160092,  Lech Kaczynski sympathizer
Poland,6160093,  Leszka Ireneusza Paradowskiego
Poland,6160094,  Ludowy Kww Jozefa Sztorca
Poland,6160095,  Macieja Plazynskiego
Poland,6160096,  Niemiecka Mniejszosc Grn Slaska
Poland,6160097,  Niezalezny Pozapartyjny Komitet Wyborczy Wyborcow
Poland,6160098,  O Lepsza Polske
Poland,6160099,  Odnowa Rzeczypospolitej Polskiej
Poland,6160100,  Orlowska
Poland,6160101,  Platforma Janusza Korwin-Mikke - SEE POLITY NOTES
Poland,6160102,"  Polish ""Robotniczo"" Party- Chlopska"
Poland,6160103,  Polish Confederation - Dignity Work
Poland,6160104,  Polish Economic Union
Poland,6160105,  Polish Patriot Forum
Poland,6160106,  Polish Understanding
Poland,6160107,  Reconciliation And The Future
Poland,6160108,  Ruch Stu - SEE POLITY NOTES
Poland,6160109,  Ryszard Matusiak
Poland,6160110,  Senate 2001 coalition - SEE ELECTION STUDY NOTES
Poland,6160111,  Soj  Ludzi Pracy-Polska Praca Sprawiedl
Poland,6160112,  Social and Cultural Association of Opole Silesia German
Poland,6160113,  Social and Cultural Society Woj  Katowickiego
Poland,6160114,  Solidarity 80 Trade Union
Poland,6160115,  Solidarity Electoral Action Right Wing - SEE ELECTION STUDY NOTES
Poland,6160116,  Taduesz Dabrowski
Poland,6160117,  Teresy Liszcz
Poland,6160118,  Worker's Movement
Poland,6160119,"  Independent Self-governing Trade Union ""Solidarity"""
Poland,6160122,  Solidarity (without identifying more specific party)
Poland,6160123,  United Right (ZP) - SEE POLITY NOTES
Poland,6160124,  Civic Coalition (KO) - SEE POLITY NOTES
Poland,6160125,  Polish Coalition (KP) - SEE POLITY NOTES
Poland,6160126,  The Left - SEE POLITY NOTES
Poland,6160127,  Confederation Liberty and Independence - SEE POLITY NOTES
Poland,6160128,  Law and Justice - Civic Platform (PiS - PO) - SEE ELECTION STUDY
Poland,6160129,  Civic Platform - Left and Democrats (PO - LiD) - SEE ELECTION 
Poland,6160130,  Civic Platform - Polish Peasant Party (PO - PSL)
Portugal,6200001,  Social Democratic Party (PSD)
Portugal,6200002,  Socialist Party (PS)
Portugal,6200003,  Democratic and Social Centre - People's Party (CDS-PP)
Portugal,6200004,  Unitarian Democratic Coalition (CDU) - SEE POLITY NOTES
Portugal,6200005,"  Ecologist Party ""The Greens"" (PEV)"
Portugal,6200006,  Left Block (BE)
Portugal,6200007,  Portuguese Communist Worker's Party (PCTP/MRPP)
Portugal,6200008,  Portuguese Communist Party (PCP)
Portugal,6200009,  Merit and Society Movement (MMS)
Portugal,6200010,  Enough (CH)
Portugal,6200011,  Portugal Ahead (PSD - CDS-PP) - SEE POLITY NOTES
Portugal,6200012,  Liberal Initiative (IL)
Portugal,6200013,  Free (L)
Portugal,6200014,  Workers Party of Socialist Unity (POUS)
Portugal,6200015,  People's Monarchist Party (PPM)
Portugal,6200016,  Portugal Pro Vida (PPV)
Portugal,6200017,  Earth Party (MPT)
Portugal,6200018,  Hope for Portugal (MEP)
Portugal,6200019,  Earth Party - Humanist Party (MPT-PH) - SEE POLITY NOTES
Portugal,6200020,  Democratic Republican Party (PDR)
Portugal,6200021,  Revolutionary Socialist Party (PSR)
Portugal,6200022,  Portuguese Labor Party (PTP)
Portugal,6200023,  Popular Democratic Union (UDP)
Portugal,6200024,  Politics XXI - SEE POLITY NOTES
Portugal,6200025,  New Democracy
Portugal,6200026,  Humanist Party (PH)
Portugal,6200027,  National Renovator Party (PNR)
Portugal,6200028,"  Party for People, Animals and Nature (PAN)"
Portugal,6200029,  Alliance (A)
Romania,6420001,  Romanian Party of Social Democracy (PSD) - SEE POLITY NOTES
Romania,6420002,  People's Party - Dan Diaconescu (PP-DD)
Romania,6420003,  Democratic Union of Hungarians in Romania (UDMR)
Romania,6420004,  Greater Romania Party (PRM)
Romania,6420005,  National Liberal Party (PNL)
Romania,6420006,  Romanian Ecologist Party (PER)
Romania,6420007,  National Peasant and Christian Democratic Party (PNT-CD)
Romania,6420008,  New Republic Party (NR)
Romania,6420009,  New Generation Party - Christian Democratic (PNGCD) - SEE POLITY
Romania,6420010,  Conservative Party (PC) - SEE POLITY NOTES
Romania,6420011,  Social Liberal Union (USL) - SEE POLITY NOTES
Romania,6420012,  National Union for the Progress of Romania (UNPR)
Romania,6420013,  Save Romania Union (USR)
Romania,6420016,  Hungarian People's Party of Transylvania (PPMT)
Romania,6420017,  Socialist Alternative Party (PAS)/ Romanian Socialist Party (PSR)
Romania,6420018,  PRODEMO Party
Romania,6420019,  Democratic Party (PD)
Romania,6420020,  Democratic Liberal Party (P-DL) - SEE POLITY NOTES
Romania,6420021,  Civic Force (FC)
Romania,6420022,  Romanian Democratic Convention (CDR) - SEE POLITY NOTES
Romania,6420023,  New Generation Party (PNG)
Romania,6420024,  Romanian Humanist Party (PUR)
Romania,6420025,  CDR 2000 - SEE POLITY NOTES
Romania,6420026,  Justice and Truth Alliance (DA) - SEE POLITY NOTES
Romania,6420027,  Social Democratic Union - SEE POLITY NOTES
Romania,6420028,  Romanian Party for National Unity (PUNR)
Romania,6420029,  Civic Alliance Party (PAC)
Romania,6420030,  Republican Party (PaRe)
Romania,6420031,  Party of the Roma (PaRo)
Romania,6420032,  Socialist Party (PS)
Romania,6420033,"""New Romania"" Party"
Romania,6420034,  Liberal Christian Party
Romania,6420035,  Liberal Party 1993 - SEE POLITY NOTES
Romania,6420036,  Romanian Socialist Party
Romania,6420037,  Turkish Party
Romania,6420038,  National Liberal Alliance (ANL)
Romania,6420039,  Romanian Communist Party (PCR)
Romania,6420040,  Romanian Agrarian Democratic Party (PDAR)
Romania,6420041,  National Alliance PSD+PUR (PSD - PUR) - SEE POLITY NOTES
Romania,6420042,  Labor Socialist Party (PSM)
Romania,6420043,  Romanian Social Protection Party
Romania,6420044,  National Drivers Party
Romania,6420045,  National Liberal Ecologist Alliance
Romania,6420046,  National Union of the Center
Romania,6420047,  Roma Union
Romania,6420048,  Romanian Labor Party (PM)
Romania,6420049,  National Liberal Party - Campeanu (PNL - C)
Romania,6420050,  National Liberal Party - Democratic Convention (PNL - CD)
Romania,6420051,  Pensionist Party (PPR)
Romania,6420052,  Romanian Social Democratic Party (PSDR) - SEE POLITY NOTES
Romania,6420053,  Alliance of Liberals and Democrats (ALDE)
Romania,6420054,  United Romania Party (PRU)
Romania,6420055,  Our Romania Alliance (ANR)
Romania,6420101,  PSD-UNPR-PC Electoral Alliance (PSD - UNPR - PC) - SEE POLITY
Romania,6420102,  Christian-Liberal Alliance (ACL) - SEE POLITY NOTES
Romania,6420103,  Popular Movement Party (PMP)
Romania,6420111,  Social Democratic Party - Conservative Party (PSD - PC) - SEE
Romania,6420200,  Alliance for a Just Romania (ARD) - SEE POLITY NOTES
Romania,6420300,  Calin-Constantin-Anton Popescu-Tariceanu (Independent)
Romania,6420301,  Monica-Luisa Macovei (Independent)
Romania,6420302,  Sorin Oprescu (Independent)
Russian Federation,6430001,  United Russia (ER)
Russian Federation,6430002,  Communist Party of the Russian Federation (KPRF)
Russian Federation,6430003,  Liberal Democratic Party of Russia (LDPR) - SEE ELECTION STUDY
Russian Federation,6430004,  Yabloko (RDPY)
Russian Federation,6430005,  Pensioners Party (RPP)
Russian Federation,6430006,  Homeland People's Patriotic Union (RNPS) - SEE POLITY NOTES
Russian Federation,6430007,"  Russian Ecological Party ""The Greens"""
Russian Federation,6430008,  Fatherland All Russia (OBP)
Russian Federation,6430020,"  Communists, Workers for the Soviet Union (RKRP)"
Russian Federation,6430021,  Women of Russia (ZhR)
Russian Federation,6430022,  Our Home is Russia (NDR)
Russian Federation,6430023,  Russian Party for the Protection of Women
Russian Federation,6430024,  Congress of Russian Communities - Yuri Boldyrev Movement
Russian Federation,6430025,  Stalinist Bloc for the Soviet Union
Russian Federation,6430026,  For Civil Dignity
Russian Federation,6430027,  Movement in Support of the Army (DPA)
Russian Federation,6430028,  Peace
Russian Federation,6430029,  Andreii Nikolayev and Svyatoslav Fyodorov Bloc
Russian Federation,6430030,  Party of Peace and Unity
Russian Federation,6430031,  Russia Popular Union (ROS)
Russian Federation,6430032,"  All-Russian Social-Political Movement ""Spiritual Heritage"""
Russian Federation,6430033,  Zhirinovsky Bloc
Russian Federation,6430034,  Russian Socialist Party
Russian Federation,6430035,  Social-Democrats
Russian Federation,6430036,  Cedar
Russian Federation,6430037,  Russia's Conservative Movement
Russian Federation,6430038,  Socialist Party of Russia
Russian Federation,6430039,  Agrarian Party of Russia (APR)
Russian Federation,6430040,  National Bolshevik Party (NBP)
Russian Federation,6430041,  People's Party of the Russian Federation (NPRF)
Russian Federation,6430042,  Rebirth of Russia Party (PVR)
Russian Federation,6430043,  Union of Right Forces (SPS)
Russian Federation,6430044,  All Russian Political National Party
Russian Federation,6430045,  Beer Lovers
Russian Federation,6430046,  Entrepreneurship
Russian Federation,6430047,  Liberal
Russian Federation,6430048,  Movement of Patriotic Forces Russian Cause
Russian Federation,6430049,  New Course - Automotive Party
Russian Federation,6430050,  Rus
Russian Federation,6430051,  Unity Inter-Regional movement
Russian Federation,6430052,  Spas
Russian Federation,6430101,  Initiative Group A: Vladimir Putin
Russian Federation,6430102,  Initiative Group B: Gennady Zyuganov
Russian Federation,6430104,  Initiative Group C: Grigory Yavlinsky
Russian Federation,6430111,  Initiative Group D: Aman Tuleyev
Russian Federation,6430132,  Initiative Group E: Podberezkin
Russian Federation,6430190,  Initiative Group F: Konstatin Titov
Russian Federation,6430191,  Initiative Group: Umar Dzhabrailov
Russian Federation,6430192,  Initiative Group: Stanislav Govorukhin
Russian Federation,6430193,  Yurii I Skuratov
Russian Federation,6430194,  Sergey Glazyev (Independent)
Russian Federation,6430195,  Russian Party of Life
Russian Federation,6430196,  Irina Khakamada (Independent)
Russian Federation,9999988,  None of the Candidates/Parties
Serbia,6880001,  Serbian Progressive Party (SNS) - SEE POLITY NOTES
Serbia,6880002,  Democratic Party (DS) - SEE POLITY NOTES
Serbia,6880003,  Serbian Radical Party (SRS)
Serbia,6880004,  Socialist Party of Serbia (SPS) - SEE POLITY NOTES
Serbia,6880005,  Democratic Party of Serbia (DSS)
Serbia,6880006,  Liberal Democratic Party (LDP) - SEE POLITY NOTES
Serbia,6880007,  United Regions of Serbia (URS) - SEE POLITY NOTES
Serbia,6880008,  Alliance of Vojvodina's Hungarians (SVM)
Serbia,6880009,  Dveri for life of Serbia (SPD)
Serbia,6880010,  Communist Party - Josip Broz (KP)
Serbia,6880012,  For a Just Serbia Alliance
Serbia,6880014,  Reformist Party (RS)
Serbia,6880015,  New Serbia (NS)
Serbia,6880016,  United Serbia (JS)
Serbia,6880017,  League of Social Democrats of Vojvodina (LSV)
Serbia,6880018,  Serbian Renewal Movement (SPO)
Serbia,6880019,  Party of United Pensioners of Serbia (PUPS)
Serbia,6880020,  Movement of Workers and Peasants
Serbia,6880021,  Citizens' Group
Serbia,6880022,  Enough is Enough (DJB)
Serbia,6880023,  Party of Democratic Action of Sanjak (SDA)
Serbia,6880024,  Strength of Serbia Movement - BK (PSS)
Serbia,6880040,  Democratic Party of Serbia - New Serbia Alliance (DSS/NS) - SEE
Serbia,6880041,  Hungarian Coalition - SEE ELECTION STUDY NOTES
Serbia,6880042,  Bosniak List for European Sanjak - SEE POLITY NOTES
Serbia,6880043,"""Give villages a say"" - Peoples Peasant Party - SEE POLITY NOTES"
Serbia,6880044,  People's Movement for Serbia - SEE POLITY NOTES
Serbia,9999988,  None of the Candidates/Parties - SEE ELECTION STUDY NOTES
Slovakia,7030001,  Direction - Social Democracy (Smer)
Slovakia,7030002,  Freedom and Solidarity (SaS)
Slovakia,7030003,  Slovak Democratic and Christian Union - Democratic Party
Slovakia,7030004,  Christian Democratic Movement (KDH)
Slovakia,7030005,  Green Party (SZ)
Slovakia,7030006,  Slovak National Party (SNS)
Slovakia,7030008,  Bridge (MH)
Slovakia,7030009,  Ordinary people - Independent Personalities (OLaNO) - SEE POLITY
Slovakia,7030010,  People's Party - Movement For a Democratic Slovakia (LS - HZDS)
Slovakia,7030012,  Kotleba - People's Party Our Slovakia (LsNS) - SEE POLITY NOTES
Slovakia,7030013,  Network (S) / Slovak Conservative Party (SKS) - SEE POLITY NOTES
Slovakia,7030014,  We are family (SR)
Slovakia,7030015,  Party Of The Hungarian Coalition (SMK)
Slovakia,7030016,  Party Of The Democratic Left (SDL)
Slovakia,7030017,  For the People (ZL)
Slovakia,7030018,  Progressive Slovakia (PS)
Slovakia,7030019,  TOGETHER - Civic Democracy (SPOLU)
Slovakia,7030020,  Voice - Social Democracy (HLAS)
Slovakia,7030022,  Alliance for a Europe of Nations (AZEN)
Slovakia,7030023,  Alliance of the New Citizen (ANO)
Slovakia,7030024,  Chance (SANCA)
Slovakia,7030025,  Civic Conservative Party (OKS)
Slovakia,7030026,  Coalition Together for Slovakia
Slovakia,7030027,  Communist Party of Slovakia (KSS)
Slovakia,7030028,  Conservative Democrats of Slovakia (KDS)
Slovakia,7030029,  Democratic Party (EDS)
Slovakia,7030030,  Democrats of Slovakia (DS)
Slovakia,7030031,  Direct Democracy (PD)
Slovakia,7030032,  Free Forum (SF)
Slovakia,7030033,  Hungarian Christian Democratic Movement (MKDM)
Slovakia,7030034,  Hungarian Coalition (SMK - MKP)
Slovakia,7030035,  Movement for a Democratic Slovakia (HZDS)
Slovakia,7030036,  Movement for Democracy (HDZ)
Slovakia,7030037,  New Democracy
Slovakia,7030038,  Party of Modern Slovakia (SMS)
Slovakia,7030039,  Party TIP (TIP)
Slovakia,7030040,  Protest - Party of Labor (VZDOR)
Slovakia,7030041,  Roman Coalition Party (SRK)
Slovakia,7030042,  Slovak Citizens Coalition (SPOK!)
Slovakia,7030043,  Union of the Workers of Slovakia (ZRS)
Slovakia,7030044,  Union Party for Slovakia (Unia)
Slovakia,7030045,  Vesela Politicka Stranka
Slovakia,7030046,  Courage - Great National and Prussian Coalition - SEE ELECTION
Slovakia,7030047,  Law and Justice (PaS)
Slovakia,7030048,  Our Country (NAS KRAJ)
Slovakia,7030049,  Change from the Bottom - Democratic Union of Slovakia (ZZ-DU)
Slovakia,7030050,  Nation and Justice - Our Party (NaS-NS)
Slovakia,7030051,  Party of Roma Union in Slovakia (SRUS)
Slovakia,7030052,  99 Percent - Civic Voice (99%)
Slovakia,7030053,  Party + 1 Vote (+1 HLAS)
Slovakia,7030054,  Party of Slovak Citizens (SOSKA)
Slovakia,7030055,  Free Word Party of Nora Mojsejova (SSS) - SEE POLITY NOTES
Slovakia,7030056,  Party of Slovakia's Traders (SZS)
Slovakia,7030057,  Ordinary People (Obycajni ludia)
Slovakia,7030058,  Greens (Zeleni) (Z)
Slovakia,7030059,  Good Choice (DV)
Slovakia,7030060,  Homeland
Slovakia,7030061,  Socialist
Slovakia,7030062,  Hlinka's Slovak People's Party (SLS)
Slovakia,7030063,  Mayors and Independents
Slovakia,7030064,  Labor of the Slovak Nation (PSN)
Slovakia,7030065,  Christian Union (KU) - SEE POLITY NOTES
Slovakia,7030100,  Progressive Slovakia - TOGETHER-Civic Democracy - SEE POLITY NOTES
Slovakia,7030101,  Hungarian Community Togetherness (MKO) 
Slovenia,7050001,  Social Democratic Party (SDS)
Slovenia,7050002,  Social Democrats (SD) - SEE ELECTION STUDY NOTES
Slovenia,7050002,  United List of Social Democrats (ZLSD)
Slovenia,7050003,  Democratic Party of Pensioners (DeSUS)
Slovenia,7050004,  Liberal Democracy of Slovenia (LDS)
Slovenia,7050005,  Green Party of Slovenia (ZS)
Slovenia,7050006,  Slovenian People's Party (SLS) - SEE POLITY NOTES
Slovenia,7050007,  New Slovenia - Christian People's Party (NSi) - SEE POLITY NOTES
Slovenia,7050008,  Slovenian National Party (SNS)
Slovenia,7050009,  Gregor Virant's Civic List (DIGV)
Slovenia,7050010,  Modern Centre Party (SMC)
Slovenia,7050013,  Democratic Party (DSS)
Slovenia,7050014,  Active Slovenia (AS) - SEE POLITY NOTES
Slovenia,7050016,  Zoran Jankovic List - Positive Slovenia (LZJ-PS)
Slovenia,7050017,  Christian Democrats (SKD) - SEE POLITY NOTES
Slovenia,7050019,  Slovenian People's Party - Youth Party of Slovenia (SLS - SMS) - 
Slovenia,7050020,  For Real-New Politics (ZARES) - SEE POLITY NOTES
Slovenia,7050021,  Junijska lista (JL)
Slovenia,7050022,  Youth Party of Slovenia (SMS)
Slovenia,7050023,  Za podjetno Slovenijo (ZPJ)
Slovenia,7050024,  Slovenia is Ours
South Africa,7100001,  African National Congress (ANC) - SEE POLITY NOTES
South Africa,7100002,  Democratic Alliance (DA)
South Africa,7100003,  Economic Freedom Fighters (EFF)
South Africa,7100004,  Inkatha Freedom Party (IFP)
South Africa,7100005,  National Freedom Party (NFP)
South Africa,7100006,  United Democratic Movement (UDM)
South Africa,7100007,  Freedom Front Plus (VF Plus)
South Africa,7100008,  Congress of the People (COPE)
South Africa,7100009,  African Christian Democratic Party (ACDP)
South Africa,7100013,  Agang South Africa (Agang)
South Africa,7100014,  Pan African Congress (PAC)
South Africa,7100015,  Africa Muslim Party (AMP)
South Africa,7100016,  African Unity Movement (AEB)
South Africa,7100017,  Minority Front (MF)
South Africa,7100018,  United Christian Democratic Party (UCDP)
South Africa,7100019,  Federal Alliance (FA)
South Africa,7100020,  New National Party (NNP)
South Africa,7100021,  Azanian People's Organization (APO)
South Africa,7100022,  Independent Democrats (ID)
South Africa,7100023,  Azania Peoples Organization (AZAPO)
Republic of Korea,4100001,  New Frontier Party (NFP) - SEE POLITY NOTES
Republic of Korea,4100002,  Liberty Forward Party (LFP)
Republic of Korea,4100003,  New Progressive Party (NPP)
Republic of Korea,4100004,  Democratic United Party (DUP)
Republic of Korea,4100005,  Unified Progressive Party (UPP) - SEE POLITY NOTES
Republic of Korea,4100006,  Democratic Liberal Party - SEE ELECTION STUDY NOTES
Republic of Korea,4100007,  Pro-Park Geun-hye Alliance
Republic of Korea,4100008,  Democratic Party of Korea (DP)
Republic of Korea,4100009,  Justice Party (JP)
Republic of Korea,4100010,  Millennium Democratic Party (MDP)
Republic of Korea,4100011,  United Liberal Democrats (ULD)
Republic of Korea,4100012,  Democratic People's Party
Republic of Korea,4100014,  People's Party (PP)
Republic of Korea,4100015,  Democratic Labor Party (DLP)
Republic of Korea,4100016,  Creative Korea Party (CKP)
Republic of Korea,4100017,  Renewal of Korea Party
Republic of Korea,4100018,  Democratic Party
Republic of Korea,4100019,  Korea Youth Progress Party
Republic of Korea,4100020,  National Integration 21
Republic of Korea,4100021,  Our Party
Republic of Korea,4100022,  Christian Party
Republic of Korea,4100023,  New Korean Party of the Hope (NKPH)
Spain,7240001,  Spanish Socialist Workers' Party (PSOE)
Spain,7240002,  People's Party (PP)
Spain,7240003,  Convergence and Union (CiU)
Spain,7240004,  United Left (IU)
Spain,7240005,  Basque Nationalist Party (PNV) - SEE POLITY NOTES
Spain,7240006,  We Can - Podemos (Pod)
Spain,7240007,  Citizen Party (Ciudadanos) (C)
Spain,7240008,  Galician Nationalist Bloc (BNG)
Spain,7240009,  Republican Left of Catalonia (ERC)
Spain,7240010,  Basque Solidarity (EA)
Spain,7240012,"  Union, Progress and Democracy (UPyD)"
Spain,7240013,  Canary Coalition (CC)
Spain,7240014,  Canarian Coalition - Canarian Nationalist Party (CC - PNC) - SEE 
Spain,7240015,  Canarian Independent Center (CCI)
Spain,7240016,  Canary National Party (PNC)
Spain,7240017,  The Ecologists (LVE) - SEE POLITY NOTES
Spain,7240025,  Partiu Asturianista (PAS)
Spain,7240026,  Aragoneses Party (PAR)
Spain,7240027,  Nafarroa Bai (Na-Bai)
Spain,7240028,  United People (UH)
Spain,7240029,  Regionalist Party of Cantabria (PRC)
Spain,7240030,  Riojan Party (PR)
Spain,7240031,  Asturian Renewal Union (URAS)
Spain,7240032,  Valencian Union (UV)
Spain,7240033,  Asociacion Independiente Canaria
Spain,7240034,  Partido Socialista Mallorquan
Spain,7240035,  PSM-Entesa Nacionalista
Spain,7240036,  United Left - Galician Left (EU - PSG-EG) - SEE POLITY NOTES
Spain,7240037,  United Left of the Balearic Islands (EUIB)
Spain,7240038,  Nationalist Left of the Balearic Islands Federation (FENIB)
Spain,7240039,  United Left of the Valencian Country (EUPV)
Spain,7240040,  Basque Citizen Initiative (Basque: Euskal Hiritarren Egitekoak)
Spain,7240042,  Navarrese People's Union (UPN)
Spain,7240043,  Democrats' Convergence of Navarre (CDN)
Spain,7240044,  Galician Coalition (CG)
Spain,7240045,  Aragonese Council (CHA)
Spain,7240046,  Democratic and Social Center (CDS)
Spain,7240047,  United Extremadura (EU)
Spain,7240048,  Liberal Independent Group (GIL)
Spain,7240049,  Initiative for Catalonia Greens (ICV)
Spain,7240050,  Andalusian Party (PA)
Spain,7240051,  Leonese People's Union (UPL)
Sweden,7520001,  Sweden's Social Democratic Worker's Party (SAP)
Sweden,7520002,  Moderate Party (M)
Sweden,7520003,  Liberal People's Party (FP) / Liberals (L) - SEE POLITY NOTES
Sweden,7520004,  Christian Democrats (KD)
Sweden,7520005,  Green Party (MP)
Sweden,7520006,  Centre Party (C)
Sweden,7520007,  Left Party (V)
Sweden,7520008,  Sweden Democrats (SD)
Sweden,7520009,  Feminist Party (Fi)
Sweden,7520010,  June List (JI)
Switzerland,7560001,  Swiss People's Party (SVP / UDC)
Switzerland,7560002,  Social Democratic Party (SP / PS)
Switzerland,7560003,  Christian Democratic People's Party (CVP / PDC)
Switzerland,7560004,  The Liberals (FDP / PLR) - SEE POLITY NOTES
Switzerland,7560005,  Green Party (GPS / PES)
Switzerland,7560006,  Evangelical People's Party (EVP / PEP)
Switzerland,7560007,  Swiss Party of Labor (PdA / PST)
Switzerland,7560008,  Ticino League (Lega)
Switzerland,7560009,  Federal Democratic Union (EDU / UDF)
Switzerland,7560010,  Swiss Democrats (SD / DS)
Switzerland,7560012,  Solidarity (SOL)
Switzerland,7560013,  Freedom Party (FPS /PSL)
Switzerland,7560014,  Liberal Party (LPS / PLS) - SEE POLITY NOTES
Switzerland,7560015,  Feminist and Green Alternative Groups (FGA)
Switzerland,7560016,  Progressive Organizations of Switzerland (POCH)
Switzerland,7560017,  Autonomous Socialist Party (PSA) - SEE POLITY NOTES
Switzerland,7560018,  Republican Movement - Vigilance (REP - Vigilance)
Switzerland,7560019,  Center parties
Switzerland,7560020,  Christian People's Party
Switzerland,7560021,  Green Liberal Party (GLP / PVL) - SEE POLITY NOTES
Switzerland,7560022,  Independents Alliance (LdU-ADI)
Switzerland,7560023,  Geneva Citizens' Movement (MCG)
Switzerland,7560024,  Radical Democratic Party (FDP / PLR) - SEE ELECTION STUDY NOTES
Switzerland,7560025,  Conservative Democratic Party (BDP / PBD) - SEE POLITY NOTES
Switzerland,7560026,  Christian-Social Party (CSP / PCS)
Switzerland,7560027,  Pirate Party Switzerland (PPS)
Switzerland,7560028,  Integral Politics
Switzerland,7560029,  Swiss Nationalist Party (PNOS / PNS)
Switzerland,7560030,  Toghether Left (EaG)
Switzerland,7560031,  People's Movement (PM)
Taiwan,1580001,  Democratic Progressive Party (DPP)
Taiwan,1580002,  Kuomintang of China (KMT) - SEE ELECTION STUDY NOTES
Taiwan,1580003,  People First Party (PFP) - SEE POLITY NOTES
Taiwan,1580004,  New Party (NP) - SEE POLITY NOTES
Taiwan,1580005,  Green Party (GPT)
Taiwan,1580006,  Taiwan Solidarity Union (TSU)
Taiwan,1580007,  Non-Partisan Solidarity Union (NPSU)
Taiwan,1580008,  Taiwan Farmers' Party (TFP)
Taiwan,1580009,  The Third Society Party (TSP)
Taiwan,1580010,  Pan-Green Coalition (DPP - TSU - TAIP) - SEE POLITY NOTES
Taiwan,1580011,  Pan-Blue Coalition (KMT - PFP - NP) - SEE POLITY NOTES
Taiwan,1580012,  Hakka Party
Taiwan,1580013,  New Power Party (NPP)
Taiwan,1580014,  Taiwan People's Party (TPP)
Taiwan,1580015,  Free National Health Insurance Alliance (NHSA)
Taiwan,1580016,  Taiwan Independence Party (TAIP)
Taiwan,1580017,  Taiwan Constitution Association (TCA)
Taiwan,1580018,  China Youth Party (YCP)
Taiwan,1580019,  Civil Party
Taiwan,1580020,  Communist Party
Taiwan,1580021,  Democracy School
Taiwan,1580022,  Labor Party
Taiwan,1580023,  Liberal Party
Taiwan,1580024,  People Largest Party
Taiwan,1580025,  Republic of China the Basic Laws of Taiwan Corporation
Taiwan,1580026,  Taiwan National Congress
Taiwan,1580027,  Taiwanism Party
Taiwan,1580028,  Red Party / Home Party
Taiwan,1580029,  Minkuotang (MKT)
Taiwan,1580030,  Taiwan Statebuilding Party (TSP)
Taiwan,1580031,  Faith and Hope League (FHL)
Taiwan,1580032,  Trees Party (TP)
Taiwan,1580033,  Chinese Unionist Party (CUP) - SEE POLITY NOTES
Taiwan,1580034,  Free Taiwan Party (FTP)
Taiwan,1580035,"  Military, Civil and Faculty Alliance Party (MCFAP)"
Taiwan,1580036,  Peace Dove Alliance Party (PDAP)
Taiwan,1580037,  People Boss Party
Taiwan,1580038,  Social Democratic Party (SDP)
Taiwan,1580039,  The Motorist Party of the ROC
Taiwan,1580040,  Congress Party Alliance (CPA)
Taiwan,1580041,  Taiwan Renewal Party  
Taiwan,1580042,  Stabilizing Force Party (SFP)
Taiwan,1580043,  Taiwan Action Party Alliance (TAPA)
Taiwan,1580044,  United Action Alliance (UAA)
Taiwan,1580045,  Formosa Alliance (FA)
Taiwan,1580046,  Interfaith Union (IU)
Taiwan,1580047,  Taiwan Animal Protection Party (TAPP)
Taiwan,1580048,  Sovereign State for Formosa and Pescadores Party  
Taiwan,1580049,  Can't Stop This Party
Taiwan,1580050,  PAN-PACiFiC EP Union Party
Taiwan,1580051,  Great Love Constitutional Reform Alliance
Taiwan,1580052,  Judicial Justice Party (JJP)
Taiwan,1580053,  Peace Pidgeon Union Party (PPUP)
Taiwan,1580100,  Green-Social Democratic Coalition (GP - SDP)
Thailand,7640001,  For Thais Party (PPT)
Thailand,7640002,  Democrat Party (DP)
Thailand,7640003,  Thai Pride Party (BJT)
Thailand,7640004,  Love Thailand Party
Thailand,7640005,  Thai Nation Development Party (CP)
Thailand,7640006,  National Development of the Motherland Party - SEE POLITY NOTES
Thailand,7640007,  Peaceloving Party
Thailand,7640008,  Motherland Party (Phak Matunhum Party)
Thailand,7640009,  Power of Choburi Party
Thailand,7640010,  State Power Party (PPRP)
Thailand,7640012,  People's Nation Party
Thailand,7640013,  New Politics Party (KMM)
Thailand,7640014,  People's Power Party (PPP)
Thailand,7640015,  Great People Party - SEE ELECTION STUDY NOTES
Thailand,7640016,  New Democracy Party
Thailand,7640017,  Social Action Party
Thailand,7640018,  Royal People Party (PRP)
Thailand,7640019,  For the Motherland Party (Puea Pandin Party)
Thailand,7640020,  Thai Citizen Party
Thailand,7640021,  Thai Nation Party (CTP)
Thailand,7640022,  Thai Rak Thai Party (TRT)
Thailand,7640023,  New Aspiration Party
Thailand,7640024,  Neutral Democratic Party (MCM)
Thailand,7640025,  Referendum Party - SEE ELECTION STUDY NOTES
Thailand,7640026,  National Development Party
Thailand,7640027,  Justice and Freedom Party
Thailand,7640028,  Chao Thai Party
Thailand,7640029,  People's Power (AmnatP) - SEE ELECTION STUDY NOTES
Thailand,7640030,  Rassadorn Party
Thailand,7640031,  Future Forward Party (FFP)
Thailand,7640032,  Thai Liberal Party (TLP)
Thailand,7640033,  New Economics Party (NEP)
Thailand,7640034,  Puea Chat Party (PCP)
Thailand,7640035,  Action Coalition for Thailand (ACT)
Thailand,7640036,  Thai Local Power Party (TLP)
Thailand,7640037,  Thai Forest Conversation Party (FCP)
Thailand,7640060,  Thais United National Development Party - SEE POLITY NOTES
Thailand,7649990,  No Vote - SEE POLITY NOTES
Tunisia,7880001,  Ennahda Movement
Tunisia,7880002,  Heart of Tunisia
Tunisia,7880003,  Free Destourian Party 
Tunisia,7880004,  Democratic Current
Tunisia,7880005,  Dignity Coalition
Tunisia,7880006,  People's Movement
Tunisia,7880007,  Long Live Tunisia 
Tunisia,7880008,  Republican People's Union
Tunisia,7880009,  Aich Tounsi
Tunisia,7880010,  Tunisian Alternative
Tunisia,7880011,  Nidaa Tounes
Tunisia,7880012,  Machrouu Tounes
Tunisia,7880013,  Popular Front 
Tunisia,7880014,  Democratic and Social Union (VDS-PR-MDS)
Tunisia,7880015,  Rahma Party
Tunisia,7880016,  Current of Love
Tunisia,7880017,  The Free Patriotic Union Party
Tunisia,7880018,  National Destourian Initiative 
Tunisia,7880019,  Movement Party
Tunisia,7880020,  Democratic Forum for Labor and Liberties
Tunisia,7880021,  The Hope Party
Tunisia,7880100,  Kais Saied - SEE POLITY NOTES
Tunisia,7880101,  Abdelkrim Zbidi - SEE POLITY NOTES
Tunisia,7880102,  Safi Said - SEE POLITY NOTES
Tunisia,7880103,  Hamma Hammami - SEE POLITY NOTES
Turkey,7920001,  Justice and Development Party (AKP)
Turkey,7920002,  Republican People's Party (CHP)
Turkey,7920003,  Nationalist Action Party (MHP)
Turkey,7920004,  Peoples' Democratic Party (HDP) - SEE POLITY NOTES
Turkey,7920005,  Felicity Party (SP)
Turkey,7920006,  Patriotic Party (VP)
Turkey,7920007,  Good Party (IYI)
Turkey,7920009,  People's Voice Party (HSP)
Turkey,7920010,  Young Party (GP)
Turkey,7920011,  Anatolia Party (AnaParti)
Turkey,7920012,  Democratic Left Party (DSP)
Turkey,7920013,  Democratic Party (DP)
Turkey,7920014,  Free Cause Party (Hueda-Par)
Turkey,7920015,  Great Union Party (BBP)
Turkey,7920016,  Peace and Democratic Party (BDP) - SEE POLITY NOTES
Turkey,7920017,  Rights and Equality Party (HEPAR)
Ukraine,8040010,  Communist Party of Ukraine
Ukraine,8040011,  People's Ruks of Ukraine
Ukraine,8040012,  Socialist Party of Ukraine
Ukraine,8040013,  Peasants Party of Ukraine
Ukraine,8040014,  Party of Greens of Ukraine
Ukraine,8040015,  People's-Democratic Party
Ukraine,8040016,"  All-Ukraine Association ""Gromada"""
Ukraine,8040017,  Progressive Socialist Party
Ukraine,8040018,  Social-Democratic Party
Ukraine,8040019,  Agrarian Party of Ukraine
Ukraine,8040020,Reforms and Order
Ukraine,8040021,  Citizen's Congress of Ukraine
Ukraine,8040022,  Ukrainian Party of Justice
Ukraine,8040023,  Congress of Ukrainian Nationalists
Ukraine,8040024,  Ukrainian Conservative Republican
Ukraine,8040025,  Ukrainian Republican Party
Ukraine,8040026,  Liberal Party of Ukraine
Ukraine,8040027,  Labor Party of Ukraine
Ukraine,8040028,  Christian-People's Union
Ukraine,8040029,  Ukrainian Christian-Democratic
Ukraine,8040030,  Christian-Democratic Party
Ukraine,8040031,  Democratic Party of Ukraine
Ukraine,8040032,  Party of Economic Revival
Ukraine,8040033,  Party of National-Economic Development
Ukraine,8040034,Union
Ukraine,8040035,Inter-Regional Block of Reforms
Ukraine,8040036,Region Revival of Ukraine
Ukraine,8040037,  All-Ukrainian Party of Workers
Ukraine,8040038,"  All-Ukrainian Party ""Female Initiatives"""
Ukraine,8040039,  Republican Christian Party
Ukraine,8040040,"  Party ""Ukrainian National Assembly"""
Ukraine,8040041,  Social-Democratic Party
Ukraine,8040042,  Party of Fatherland's Defenders
Ukraine,8040043,"  Party of Spiritual, Economical"
Ukraine,8040044,  Party of Muslims of Ukraine
Ukraine,8040045,  Social-National Party
Ukraine,8040046,  State Independence of Ukraine
Ukraine,8040047,  Liberal Democratic Party
Ukraine,8040048,  Ukrainian Peasant Democratic
Ukraine,8040049,  Constitutional-Democratic Party
Ukraine,8040050,  Electoral Block of Socialist Party of Ukraine
Ukraine,8040051,"  Electoral Block ""Labor Party"""
Ukraine,8040052,"  Electoral block of Parties ""National Front"""
Ukraine,8040053,"  Electoral Block ""Labor Ukraine"""
Ukraine,8040054,"  Electoral Block ""Go On, Ukraine"""
Ukraine,8040055,"  Electoral Block ""Democratic Parties NEP"""
Ukraine,8040056,"  Electoral Block ""SLON - Social-Liberal Association"""
Ukraine,8040057,"  Electoral Block ""Less Words"""
Ukraine,8040058,"  Electoral Block ""European Choice of Ukraine"""
United States of America,8400001,  Republican Party (GOP)
United States of America,8400002,  Democratic Party (DEM)
United States of America,8400003,  Libertarian Party (LIB)
United States of America,8400004,  Reform Party (REF)
United States of America,8400005,  Green Party (GPUS)
United States of America,8400006,  Constitution Party (Con)
Uruguay,8580001,  Broad Front (FA)
Uruguay,8580002,  National Party (PN) - SEE POLITY NOTES
Uruguay,8580003,  Colorado Party
Uruguay,8580004,  Independent Party (PI)
Uruguay,8580005,  Popular Assembly
Uruguay,8580006,  Civic Union
Uruguay,8580007,  Open Cabildo
Uruguay,8580008,  Intransigent Radical Ecology Party (PERI)
Uruguay,8580009,  People's Party
Uruguay,8580010,  Popular Unity - SEE POLITY NOTES
Uruguay,8580011,  Green Animalist Party (PVA)
Uruguay,8580012,  Digital Party
Uruguay,8580013,  Worker's Party
Great Britain,8260001,  Conservatives (Con)
Great Britain,8260002,  Labor (Lab)
Great Britain,8260003,  Liberal Democrats (LD)
Great Britain,8260004,  Scottish National Party (SNP)  - SEE POLITY NOTES
Great Britain,8260005,  Green Party (GP)
Great Britain,8260006,  Plaid Cymru (PC)  - SEE POLITY NOTES
Great Britain,8260007,  United Kingdom Independence Party (UKIP)
Great Britain,8260008,  Brexit Party (BP)
Great Britain,8260009,  British National Party (BNP)
