"case_ID","Countryname","Year","Letter","partyID","Country","partyNAME"
"Albania_2005","Albania","2005","A",80002,"Albania","  Democratic Party of Albania (PD)"
"Albania_2005","Albania","2005","B",80001,"Albania","  Socialist Party of Albania (PS)"
"Albania_2005","Albania","2005","C",80004,"Albania","  Republican Party (PR)"
"Albania_2005","Albania","2005","D",80005,"Albania","  Social Democratic Party of Albania (PSD)"
"Albania_2005","Albania","2005","E",80003,"Albania","  Socialist Movement for Integration (LSI)"
"Albania_2005","Albania","2005","F",80030,"Albania","  New Democratic Party (PDR)"
"Albania_2005","Albania","2005","G",80031,"Albania","  Agrarian Party (PAA)"
"Albania_2005","Albania","2005","H",80011,"Albania","  Democratic Alliance Party (PAD)"
"Albania_2005","Albania","2005","I",80010,"Albania","  Christian Democratic Party (PDK)"
"Albania_2017","Albania","2017","A",80001,"Albania","  Socialist Party of Albania (PS)"
"Albania_2017","Albania","2017","B",80002,"Albania","  Democratic Party of Albania (PD)"
"Albania_2017","Albania","2017","C",80003,"Albania","  Socialist Movement for Integration (LSI)"
"Albania_2017","Albania","2017","D",80006,"Albania","  Party for Justice, Integration and Unity (PDIU) - SEE POLITY NOTES"
"Albania_2017","Albania","2017","E",80007,"Albania","  Libra Party (LIBRA)"
"Albania_2017","Albania","2017","F",80005,"Albania","  Social Democratic Party of Albania (PSD)"
"Argentina_2015","Argentina","2015","A",320001,"Argentina","  Front for the Victory (FPV)"
"Argentina_2015","Argentina","2015","B",320002,"Argentina","  Let's Change (Cam) - SEE POLITY NOTES"
"Argentina_2015","Argentina","2015","C",320003,"Argentina","  United for a New Alternative (UNA) - SEE POLITY NOTES "
"Argentina_2015","Argentina","2015","D",320004,"Argentina","  Workers' Left Front (FIT)"
"Argentina_2015","Argentina","2015","E",320005,"Argentina","  Progressives (Pro)"
"Argentina_2015","Argentina","2015","F",320006,"Argentina","  Federal Commitment (ACF)"
"Argentina_2015","Argentina","2015","G",320007,"Argentina","  Republican Proposal (PRO)"
"Argentina_2015","Argentina","2015","H",320008,"Argentina","  Radical Civic Union (UCR)"
"Argentina_2015","Argentina","2015","I",320009,"Argentina","  Justicialist Party (PJ, Peronismo)"
"Australia_1996","Australia","1996","A",360003,"Australia","  Australian Labor Party (ALP)"
"Australia_1996","Australia","1996","B",360001,"Australia","  Liberal Party (LP)"
"Australia_1996","Australia","1996","C",360002,"Australia","  National Party of Australia (NPA) - SEE ELECTION STUDY NOTES "
"Australia_1996","Australia","1996","D",360004,"Australia","  Australian Democrats (AD)"
"Australia_1996","Australia","1996","E",360005,"Australia","  Australian Greens (AG)"
"Australia_2004","Australia","2004","A",360001,"Australia","  Liberal Party (LP)"
"Australia_2004","Australia","2004","B",360003,"Australia","  Australian Labor Party (ALP)"
"Australia_2004","Australia","2004","C",360005,"Australia","  Australian Greens (AG)"
"Australia_2004","Australia","2004","D",360002,"Australia","  National Party of Australia (NPA) - SEE ELECTION STUDY NOTES "
"Australia_2004","Australia","2004","E",360011,"Australia","  Family First Party (FFP)"
"Australia_2004","Australia","2004","F",360004,"Australia","  Australian Democrats (AD)"
"Australia_2004","Australia","2004","G",360008,"Australia","  One Nation Party (ONP)"
"Australia_2007","Australia","2007","A",360003,"Australia","  Australian Labor Party (ALP)"
"Australia_2007","Australia","2007","B",360001,"Australia","  Liberal Party (LP)"
"Australia_2007","Australia","2007","C",360002,"Australia","  National Party of Australia (NPA) - SEE ELECTION STUDY NOTES "
"Australia_2007","Australia","2007","D",360005,"Australia","  Australian Greens (AG)"
"Australia_2013","Australia","2013","A",360001,"Australia","  Liberal Party (LP)"
"Australia_2013","Australia","2013","B",360003,"Australia","  Australian Labor Party (ALP)"
"Australia_2013","Australia","2013","C",360005,"Australia","  Australian Greens (AG)"
"Australia_2013","Australia","2013","D",360013,"Australia","  Palmer United Party (PUP) / Clive Palmer's United Australia Party (UAP)"
"Australia_2013","Australia","2013","E",360002,"Australia","  National Party of Australia (NPA) - SEE ELECTION STUDY NOTES "
"Australia_2019","Australia","2019","A",360001,"Australia","  Liberal Party (LP)"
"Australia_2019","Australia","2019","B",360003,"Australia","  Australian Labor Party (ALP)"
"Australia_2019","Australia","2019","C",360005,"Australia","  Australian Greens (AG)"
"Australia_2019","Australia","2019","D",360002,"Australia","  National Party of Australia (NPA) - SEE ELECTION STUDY NOTES "
"Australia_2019","Australia","2019","E",360013,"Australia","  Palmer United Party (PUP) / Clive Palmer's United Australia Party (UAP)"
"Australia_2019","Australia","2019","F",360008,"Australia","  One Nation Party (ONP)"
"Austria_2008","Austria","2008","A",400001,"Austria","  Social Democratic Party of Austria (SPO)"
"Austria_2008","Austria","2008","B",400002,"Austria","  Austrian People's Party (OVP) - SEE POLITY NOTES"
"Austria_2008","Austria","2008","C",400003,"Austria","  Freedom Party of Austria (FPO)"
"Austria_2008","Austria","2008","D",400004,"Austria","  Alliance for the Future of Austria (BZO)"
"Austria_2008","Austria","2008","E",400005,"Austria","  The Greens - The Green Alternative (GRUENE)"
"Austria_2008","Austria","2008","F",400007,"Austria","  Liberal Forum (LiF)"
"Austria_2008","Austria","2008","G",400013,"Austria","  Dinkhauser List "
"Austria_2013","Austria","2013","A",400001,"Austria","  Social Democratic Party of Austria (SPO)"
"Austria_2013","Austria","2013","B",400002,"Austria","  Austrian People's Party (OVP) - SEE POLITY NOTES"
"Austria_2013","Austria","2013","C",400003,"Austria","  Freedom Party of Austria (FPO)"
"Austria_2013","Austria","2013","D",400005,"Austria","  The Greens - The Green Alternative (GRUENE)"
"Austria_2013","Austria","2013","E",400004,"Austria","  Alliance for the Future of Austria (BZO)"
"Austria_2013","Austria","2013","F",400010,"Austria","  The New Austria (NEOS) - SEE POLITY NOTES"
"Austria_2013","Austria","2013","G",400012,"Austria","  Team Stronach (TEAM STRONACH)"
"Austria_2013","Austria","2013","H",400006,"Austria","  Communist Party of Austria (KPO)"
"Austria_2013","Austria","2013","I",400011,"Austria","  Pirate Party (PIRATEN)"
"Austria_2017","Austria","2017","A",400002,"Austria","  Austrian People's Party (OVP) - SEE POLITY NOTES"
"Austria_2017","Austria","2017","B",400001,"Austria","  Social Democratic Party of Austria (SPO)"
"Austria_2017","Austria","2017","C",400003,"Austria","  Freedom Party of Austria (FPO)"
"Austria_2017","Austria","2017","D",400010,"Austria","  The New Austria (NEOS) - SEE POLITY NOTES"
"Austria_2017","Austria","2017","E",400008,"Austria","  Peter Pilz List (PILZ)"
"Austria_2017","Austria","2017","F",400005,"Austria","  The Greens - The Green Alternative (GRUENE)"
"Bulgaria_2001","Bulgaria","2001","A",1000019,"Bulgaria","  National Movement for Stability and Progress (NDS)"
"Bulgaria_2001","Bulgaria","2001","B",1000034,"Bulgaria","  United Democratic Forces (UDF) - POLITY NOTES"
"Bulgaria_2001","Bulgaria","2001","C",1000002,"Bulgaria","  Bulgarian Socialist Party (BSP)"
"Bulgaria_2001","Bulgaria","2001","D",1000003,"Bulgaria","  Movement for Rights and Freedoms (DPS)"
"Bulgaria_2001","Bulgaria","2001","E",1000036,"Bulgaria","  Movement 'Georgievden' (DG)"
"Bulgaria_2001","Bulgaria","2001","F",1000040,"Bulgaria","  Euroleft (BE)"
"Bulgaria_2001","Bulgaria","2001","G",1000025,"Bulgaria","  Inner Macedonian Revolutionary Organization (VMRO)"
"Bulgaria_2014","Bulgaria","2014","A",1000001,"Bulgaria","  Citizens for European Development of Bulgaria (GERB)"
"Bulgaria_2014","Bulgaria","2014","B",1000020,"Bulgaria","  BSP Left Bulgaria - Coalition for Bulgaria (KzB | DL) -"
"Bulgaria_2014","Bulgaria","2014","C",1000003,"Bulgaria","  Movement for Rights and Freedoms (DPS)"
"Bulgaria_2014","Bulgaria","2014","D",1000004,"Bulgaria","  Reformist Bloc (RB) - SEE POLITY NOTES"
"Bulgaria_2014","Bulgaria","2014","E",1000005,"Bulgaria","  Patriotic Front (NFSB and IMRO) - SEE POLITY NOTES"
"Bulgaria_2014","Bulgaria","2014","F",1000006,"Bulgaria","  Bulgaria without Censorship (BBZ)"
"Bulgaria_2014","Bulgaria","2014","G",1000007,"Bulgaria","  Attack (Ataka)"
"Bulgaria_2014","Bulgaria","2014","H",1000008,"Bulgaria","  Alternative for Bulgarian Revival (ABV)"
"Bulgaria_2014","Bulgaria","2014","I",1000009,"Bulgaria","  Movement 21 (D21)"
"Belarus_2001","Belarus","2001","A",1120001,"Belarus","  Communist Party of Belarus "
"Belarus_2001","Belarus","2001","B",1120004,"Belarus","  Agrarian Party "
"Belarus_2001","Belarus","2001","D",1120002,"Belarus","  Liberal Democratic Party (LDP)"
"Belarus_2001","Belarus","2001","G",1120019,"Belarus","  Belarusian Social-Democratic Party (People's Assembly) (BSDPH)"
"Belarus_2001","Belarus","2001","H",1120005,"Belarus","  United Civil Party "
"Belarus_2001","Belarus","2001","I",1120017,"Belarus","  Christian Conservative Party (BPF)"
"Belarus_2008","Belarus","2008","A",1120001,"Belarus","  Communist Party of Belarus "
"Belarus_2008","Belarus","2008","B",1120004,"Belarus","  Agrarian Party "
"Belarus_2008","Belarus","2008","C",1120017,"Belarus","  Christian Conservative Party (BPF)"
"Belarus_2008","Belarus","2008","D",1120027,"Belarus","  The BNF Party "
"Belarus_2008","Belarus","2008","E",1120008,"Belarus","  Belarusian Left Party 'A Just World' - SEE POLITY NOTES"
"Belarus_2008","Belarus","2008","F",1120005,"Belarus","  United Civil Party "
"Belarus_2008","Belarus","2008","G",1120009,"Belarus","  Belarusian Social-Democratic (Assembly) "
"Belarus_2008","Belarus","2008","H",1120002,"Belarus","  Liberal Democratic Party (LDP)"
"Brazil_2002","Brazil","2002","A",760001,"Brazil","  Workers Party (PT)"
"Brazil_2002","Brazil","2002","B",760002,"Brazil","  Brazilian Social Democratic Party (PSDB)"
"Brazil_2002","Brazil","2002","C",760009,"Brazil","  Democrats (DEM) - SEE POLITY/ELECTION STUDY NOTES"
"Brazil_2002","Brazil","2002","D",760003,"Brazil","  (Party of the) Brazilian Democratic Movement (PMDB/MDB) - SEE "
"Brazil_2002","Brazil","2002","E",760048,"Brazil","  Brazilian Progressive Party (PPB)"
"Brazil_2002","Brazil","2002","F",760005,"Brazil","  Brazilian Socialist Party (PSB)"
"Brazil_2002","Brazil","2002","G",760011,"Brazil","  Labor Democratic Party (PDT)"
"Brazil_2002","Brazil","2002","H",760010,"Brazil","  Brazilian Labor Party (PTB)"
"Brazil_2002","Brazil","2002","I",760046,"Brazil","  Liberal Party (PL)"
"Brazil_2006","Brazil","2006","A",760003,"Brazil","  (Party of the) Brazilian Democratic Movement (PMDB/MDB) - SEE "
"Brazil_2006","Brazil","2006","B",760001,"Brazil","  Workers Party (PT)"
"Brazil_2006","Brazil","2006","C",760002,"Brazil","  Brazilian Social Democratic Party (PSDB)"
"Brazil_2006","Brazil","2006","D",760009,"Brazil","  Democrats (DEM) - SEE POLITY/ELECTION STUDY NOTES"
"Brazil_2006","Brazil","2006","E",760011,"Brazil","  Labor Democratic Party (PDT)"
"Brazil_2006","Brazil","2006","F",760010,"Brazil","  Brazilian Labor Party (PTB)"
"Brazil_2010","Brazil","2010","A",760001,"Brazil","  Workers Party (PT)"
"Brazil_2010","Brazil","2010","B",760003,"Brazil","  (Party of the) Brazilian Democratic Movement (PMDB/MDB) - SEE "
"Brazil_2010","Brazil","2010","C",760002,"Brazil","  Brazilian Social Democratic Party (PSDB)"
"Brazil_2010","Brazil","2010","D",760007,"Brazil","  Republic Party (PR) - SEE POLITY NOTES"
"Brazil_2010","Brazil","2010","E",760009,"Brazil","  Democrats (DEM) - SEE POLITY/ELECTION STUDY NOTES"
"Brazil_2010","Brazil","2010","F",760005,"Brazil","  Brazilian Socialist Party (PSB)"
"Brazil_2010","Brazil","2010","G",760004,"Brazil","  Progressive Party (PP)"
"Brazil_2010","Brazil","2010","H",760011,"Brazil","  Labor Democratic Party (PDT)"
"Brazil_2010","Brazil","2010","I",760010,"Brazil","  Brazilian Labor Party (PTB)"
"Brazil_2014","Brazil","2014","A",760001,"Brazil","  Workers Party (PT)"
"Brazil_2014","Brazil","2014","B",760002,"Brazil","  Brazilian Social Democratic Party (PSDB)"
"Brazil_2014","Brazil","2014","C",760003,"Brazil","  (Party of the) Brazilian Democratic Movement (PMDB/MDB) - SEE "
"Brazil_2014","Brazil","2014","D",760004,"Brazil","  Progressive Party (PP)"
"Brazil_2014","Brazil","2014","E",760005,"Brazil","  Brazilian Socialist Party (PSB)"
"Brazil_2014","Brazil","2014","F",760006,"Brazil","  Social Democratic Party (PSD)"
"Brazil_2014","Brazil","2014","G",760007,"Brazil","  Republic Party (PR) - SEE POLITY NOTES"
"Brazil_2014","Brazil","2014","H",760026,"Brazil","  Progressive Republican Party (PRP)"
"Brazil_2014","Brazil","2014","I",760009,"Brazil","  Democrats (DEM) - SEE POLITY/ELECTION STUDY NOTES"
"Brazil_2018","Brazil","2018","A",760024,"Brazil","  Social Liberal Party (PSL)"
"Brazil_2018","Brazil","2018","B",760001,"Brazil","  Workers Party (PT)"
"Brazil_2018","Brazil","2018","C",760002,"Brazil","  Brazilian Social Democratic Party (PSDB)"
"Brazil_2018","Brazil","2018","D",760006,"Brazil","  Social Democratic Party (PSD)"
"Brazil_2018","Brazil","2018","E",760004,"Brazil","  Progressive Party (PP)"
"Brazil_2018","Brazil","2018","F",760003,"Brazil","  (Party of the) Brazilian Democratic Movement (PMDB/MDB) - SEE "
"Brazil_2018","Brazil","2018","G",760005,"Brazil","  Brazilian Socialist Party (PSB)"
"Brazil_2018","Brazil","2018","H",760007,"Brazil","  Republic Party (PR) - SEE POLITY NOTES"
"Brazil_2018","Brazil","2018","I",760008,"Brazil","  Brazilian Republican Party (PRB)"
"Canada_1997","Canada","1997","A",1240001,"Canada","  Liberal Party (LIB)"
"Canada_1997","Canada","1997","B",1240007,"Canada","  Reform Party (RPC)"
"Canada_1997","Canada","1997","C",1240006,"Canada","  Progressive Conservative (PC)"
"Canada_1997","Canada","1997","D",1240003,"Canada","  New Democratic Party (NDP)"
"Canada_1997","Canada","1997","E",1240004,"Canada","  Bloc Quebecois (BQ) - SEE POLITY NOTES"
"Canada_2004","Canada","2004","A",1240001,"Canada","  Liberal Party (LIB)"
"Canada_2004","Canada","2004","B",1240002,"Canada","  Conservative Party (CP)"
"Canada_2004","Canada","2004","C",1240003,"Canada","  New Democratic Party (NDP)"
"Canada_2004","Canada","2004","D",1240004,"Canada","  Bloc Quebecois (BQ) - SEE POLITY NOTES"
"Canada_2004","Canada","2004","E",1240005,"Canada","  Green Party (GP)"
"Canada_2008","Canada","2008","A",1240002,"Canada","  Conservative Party (CP)"
"Canada_2008","Canada","2008","B",1240001,"Canada","  Liberal Party (LIB)"
"Canada_2008","Canada","2008","C",1240004,"Canada","  Bloc Quebecois (BQ) - SEE POLITY NOTES"
"Canada_2008","Canada","2008","D",1240003,"Canada","  New Democratic Party (NDP)"
"Canada_2008","Canada","2008","E",1240005,"Canada","  Green Party (GP)"
"Canada_2011","Canada","2011","A",1240002,"Canada","  Conservative Party (CP)"
"Canada_2011","Canada","2011","B",1240003,"Canada","  New Democratic Party (NDP)"
"Canada_2011","Canada","2011","C",1240001,"Canada","  Liberal Party (LIB)"
"Canada_2011","Canada","2011","D",1240004,"Canada","  Bloc Quebecois (BQ) - SEE POLITY NOTES"
"Canada_2011","Canada","2011","E",1240005,"Canada","  Green Party (GP)"
"Canada_2015","Canada","2015","A",1240001,"Canada","  Liberal Party (LIB)"
"Canada_2015","Canada","2015","B",1240002,"Canada","  Conservative Party (CP)"
"Canada_2015","Canada","2015","C",1240003,"Canada","  New Democratic Party (NDP)"
"Canada_2015","Canada","2015","D",1240004,"Canada","  Bloc Quebecois (BQ) - SEE POLITY NOTES"
"Canada_2015","Canada","2015","E",1240005,"Canada","  Green Party (GP)"
"Canada_2019","Canada","2019","A",1240002,"Canada","  Conservative Party (CP)"
"Canada_2019","Canada","2019","B",1240001,"Canada","  Liberal Party (LIB)"
"Canada_2019","Canada","2019","C",1240003,"Canada","  New Democratic Party (NDP)"
"Canada_2019","Canada","2019","D",1240004,"Canada","  Bloc Quebecois (BQ) - SEE POLITY NOTES"
"Canada_2019","Canada","2019","E",1240005,"Canada","  Green Party (GP)"
"Canada_2019","Canada","2019","F",1240009,"Canada","  People's Party (PP) "
"Switzerland_1999","Switzerland","1999","A",7560001,"Switzerland","  Swiss People's Party (SVP / UDC)"
"Switzerland_1999","Switzerland","1999","B",7560002,"Switzerland","  Social Democratic Party (SP / PS)"
"Switzerland_1999","Switzerland","1999","C",7560024,"Switzerland","  Radical Democratic Party (FDP / PLR) - SEE ELECTION STUDY NOTES"
"Switzerland_1999","Switzerland","1999","D",7560003,"Switzerland","  Christian Democratic People's Party (CVP / PDC)"
"Switzerland_1999","Switzerland","1999","E",7560005,"Switzerland","  Green Party (GPS / PES)"
"Switzerland_1999","Switzerland","1999","F",7560014,"Switzerland","  Liberal Party (LPS / PLS) - SEE POLITY NOTES"
"Switzerland_2003","Switzerland","2003","A",7560001,"Switzerland","  Swiss People's Party (SVP / UDC)"
"Switzerland_2003","Switzerland","2003","B",7560002,"Switzerland","  Social Democratic Party (SP / PS)"
"Switzerland_2003","Switzerland","2003","C",7560024,"Switzerland","  Radical Democratic Party (FDP / PLR) - SEE ELECTION STUDY NOTES"
"Switzerland_2003","Switzerland","2003","D",7560003,"Switzerland","  Christian Democratic People's Party (CVP / PDC)"
"Switzerland_2003","Switzerland","2003","E",7560005,"Switzerland","  Green Party (GPS / PES)"
"Switzerland_2007","Switzerland","2007","A",7560001,"Switzerland","  Swiss People's Party (SVP / UDC)"
"Switzerland_2007","Switzerland","2007","B",7560002,"Switzerland","  Social Democratic Party (SP / PS)"
"Switzerland_2007","Switzerland","2007","C",7560024,"Switzerland","  Radical Democratic Party (FDP / PLR) - SEE ELECTION STUDY NOTES"
"Switzerland_2007","Switzerland","2007","D",7560003,"Switzerland","  Christian Democratic People's Party (CVP / PDC)"
"Switzerland_2007","Switzerland","2007","E",7560005,"Switzerland","  Green Party (GPS / PES)"
"Switzerland_2007","Switzerland","2007","F",7560006,"Switzerland","  Evangelical People's Party (EVP / PEP)"
"Switzerland_2007","Switzerland","2007","G",7560014,"Switzerland","  Liberal Party (LPS / PLS) - SEE POLITY NOTES"
"Switzerland_2007","Switzerland","2007","H",7560008,"Switzerland","  Ticino League (Lega)"
"Switzerland_2011","Switzerland","2011","A",7560001,"Switzerland","  Swiss People's Party (SVP / UDC)"
"Switzerland_2011","Switzerland","2011","B",7560002,"Switzerland","  Social Democratic Party (SP / PS)"
"Switzerland_2011","Switzerland","2011","C",7560004,"Switzerland","  The Liberals (FDP / PLR) - SEE POLITY NOTES"
"Switzerland_2011","Switzerland","2011","D",7560003,"Switzerland","  Christian Democratic People's Party (CVP / PDC)"
"Switzerland_2011","Switzerland","2011","E",7560005,"Switzerland","  Green Party (GPS / PES)"
"Switzerland_2011","Switzerland","2011","F",7560006,"Switzerland","  Evangelical People's Party (EVP / PEP)"
"Switzerland_2011","Switzerland","2011","G",7560008,"Switzerland","  Ticino League (Lega)"
"Chile_1999","Chile","1999","A",1520005,"Chile","  Party for Democracy (PPD)"
"Chile_1999","Chile","1999","B",1520002,"Chile","  Independent Democratic Union (UDI)"
"Chile_1999","Chile","1999","C",1520006,"Chile","  Communist Party of Chile (PCCh)"
"Chile_1999","Chile","1999","D",1520014,"Chile","  Humanist Party (PH)"
"Chile_1999","Chile","1999","F",1520021,"Chile","  Progressive Center-Center Union (UCCP)"
"Chile_2005","Chile","2005","A",1520002,"Chile","  Independent Democratic Union (UDI)"
"Chile_2005","Chile","2005","B",1520001,"Chile","  Christian Democratic Party (PDC)"
"Chile_2005","Chile","2005","C",1520005,"Chile","  Party for Democracy (PPD)"
"Chile_2005","Chile","2005","D",1520003,"Chile","  National Renewal (RN)"
"Chile_2005","Chile","2005","E",1520004,"Chile","  Socialist Party of Chile (PSCH)"
"Chile_2005","Chile","2005","F",1520006,"Chile","  Communist Party of Chile (PCCh)"
"Chile_2009","Chile","2009","A",1520002,"Chile","  Independent Democratic Union (UDI)"
"Chile_2009","Chile","2009","B",1520003,"Chile","  National Renewal (RN)"
"Chile_2009","Chile","2009","C",1520001,"Chile","  Christian Democratic Party (PDC)"
"Chile_2009","Chile","2009","D",1520005,"Chile","  Party for Democracy (PPD)"
"Chile_2009","Chile","2009","E",1520004,"Chile","  Socialist Party of Chile (PSCH)"
"Chile_2009","Chile","2009","F",1520011,"Chile","  Peruvian Aprista Party (PAP)"
"Chile_2009","Chile","2009","G",1520006,"Chile","  Communist Party of Chile (PCCh)"
"Chile_2009","Chile","2009","H",1520012,"Chile","  Electoral list of Marco Enriquez-Ominamo (MEO)"
"Chile_2009","Chile","2009","I",1520007,"Chile","  Radical Social-Democratic Party (PRSD)"
"Chile_2017","Chile","2017","A",1520003,"Chile","  National Renewal (RN)"
"Chile_2017","Chile","2017","B",1520002,"Chile","  Independent Democratic Union (UDI)"
"Chile_2017","Chile","2017","C",1520001,"Chile","  Christian Democratic Party (PDC)"
"Chile_2017","Chile","2017","D",1520004,"Chile","  Socialist Party of Chile (PSCH)"
"Chile_2017","Chile","2017","E",1520005,"Chile","  Party for Democracy (PPD)"
"Chile_2017","Chile","2017","F",1520008,"Chile","  Democratic Revolution (RD)"
"Chile_2017","Chile","2017","G",1520006,"Chile","  Communist Party of Chile (PCCh)"
"Chile_2017","Chile","2017","H",1520009,"Chile","  Political Evolution (Evopoli)"
"Chile_2017","Chile","2017","I",1520007,"Chile","  Radical Social-Democratic Party (PRSD)"
"Costa Rica_2018","Costa Rica","2018","A",1880001,"Costa Rica","  National Liberation Party (PLN)"
"Costa Rica_2018","Costa Rica","2018","B",1880002,"Costa Rica","  National Restoration Party (PRN)"
"Costa Rica_2018","Costa Rica","2018","C",1880003,"Costa Rica","  Citizens' Action Party (PAC)"
"Costa Rica_2018","Costa Rica","2018","D",1880004,"Costa Rica","  Social Christian Unity Party (PUSC)"
"Costa Rica_2018","Costa Rica","2018","E",1880005,"Costa Rica","  National Integration Party (PIN)"
"Costa Rica_2018","Costa Rica","2018","F",1880006,"Costa Rica","  Social Christian Republican Party (PRSC)"
"Costa Rica_2018","Costa Rica","2018","G",1880007,"Costa Rica","  Broad Front (FA)"
"Costa Rica_2018","Costa Rica","2018","H",1880008,"Costa Rica","  Christian Democratic Alliance (ADC)"
"Costa Rica_2018","Costa Rica","2018","I",1880009,"Costa Rica","  Libertarian Movement (PML)"
"Czech Republic/Czechia_1996","Czech Republic/Czechia","1996","A",2030002,"Czech Republic/Czechia","  Civic Democratic Party (ODS)"
"Czech Republic/Czechia_1996","Czech Republic/Czechia","1996","B",2030001,"Czech Republic/Czechia","  Czech Social Democratic Party (CSSD)"
"Czech Republic/Czechia_1996","Czech Republic/Czechia","1996","C",2030004,"Czech Republic/Czechia","  Communist Party of Bohemia and Moravia (KSCM)"
"Czech Republic/Czechia_1996","Czech Republic/Czechia","1996","D",2030003,"Czech Republic/Czechia","  Christian Democratic Union - Czech People's Party (KDU-CSL)"
"Czech Republic/Czechia_1996","Czech Republic/Czechia","1996","E",2030018,"Czech Republic/Czechia","  Association for the Republic - Czech Republican Party (SPR-RSC)"
"Czech Republic/Czechia_1996","Czech Republic/Czechia","1996","F",2030011,"Czech Republic/Czechia","  Civic Democratic Alliance (ODA)"
"Czech Republic/Czechia_2002","Czech Republic/Czechia","2002","A",2030001,"Czech Republic/Czechia","  Czech Social Democratic Party (CSSD)"
"Czech Republic/Czechia_2002","Czech Republic/Czechia","2002","B",2030002,"Czech Republic/Czechia","  Civic Democratic Party (ODS)"
"Czech Republic/Czechia_2002","Czech Republic/Czechia","2002","C",2030004,"Czech Republic/Czechia","  Communist Party of Bohemia and Moravia (KSCM)"
"Czech Republic/Czechia_2002","Czech Republic/Czechia","2002","D",2030003,"Czech Republic/Czechia","  Christian Democratic Union - Czech People's Party (KDU-CSL)"
"Czech Republic/Czechia_2002","Czech Republic/Czechia","2002","E",2030017,"Czech Republic/Czechia","  Freedom Union - Democratic Union (US-DEU)"
"Czech Republic/Czechia_2006","Czech Republic/Czechia","2006","A",2030002,"Czech Republic/Czechia","  Civic Democratic Party (ODS)"
"Czech Republic/Czechia_2006","Czech Republic/Czechia","2006","B",2030001,"Czech Republic/Czechia","  Czech Social Democratic Party (CSSD)"
"Czech Republic/Czechia_2006","Czech Republic/Czechia","2006","C",2030004,"Czech Republic/Czechia","  Communist Party of Bohemia and Moravia (KSCM)"
"Czech Republic/Czechia_2006","Czech Republic/Czechia","2006","D",2030003,"Czech Republic/Czechia","  Christian Democratic Union - Czech People's Party (KDU-CSL)"
"Czech Republic/Czechia_2006","Czech Republic/Czechia","2006","E",2030005,"Czech Republic/Czechia","  Green Party (SZ)"
"Czech Republic/Czechia_2006","Czech Republic/Czechia","2006","F",2030074,"Czech Republic/Czechia","  SNK European Democrats (SNK ED) - SEE POLITY NOTES"
"Czech Republic/Czechia_2010","Czech Republic/Czechia","2010","A",2030001,"Czech Republic/Czechia","  Czech Social Democratic Party (CSSD)"
"Czech Republic/Czechia_2010","Czech Republic/Czechia","2010","B",2030002,"Czech Republic/Czechia","  Civic Democratic Party (ODS)"
"Czech Republic/Czechia_2010","Czech Republic/Czechia","2010","C",2030010,"Czech Republic/Czechia","  TOP 09 (TOP 09)"
"Czech Republic/Czechia_2010","Czech Republic/Czechia","2010","D",2030004,"Czech Republic/Czechia","  Communist Party of Bohemia and Moravia (KSCM)"
"Czech Republic/Czechia_2010","Czech Republic/Czechia","2010","E",2030014,"Czech Republic/Czechia","  Public Affairs (VV)"
"Czech Republic/Czechia_2010","Czech Republic/Czechia","2010","F",2030003,"Czech Republic/Czechia","  Christian Democratic Union - Czech People's Party (KDU-CSL)"
"Czech Republic/Czechia_2010","Czech Republic/Czechia","2010","G",2030031,"Czech Republic/Czechia","  Party of Citizen Rights-Zemanites (SPO)"
"Czech Republic/Czechia_2010","Czech Republic/Czechia","2010","H",2030005,"Czech Republic/Czechia","  Green Party (SZ)"
"Czech Republic/Czechia_2013","Czech Republic/Czechia","2013","A",2030001,"Czech Republic/Czechia","  Czech Social Democratic Party (CSSD)"
"Czech Republic/Czechia_2013","Czech Republic/Czechia","2013","B",2030006,"Czech Republic/Czechia","  Action of Dissatisfied Citizens (ANO 2011)"
"Czech Republic/Czechia_2013","Czech Republic/Czechia","2013","C",2030004,"Czech Republic/Czechia","  Communist Party of Bohemia and Moravia (KSCM)"
"Czech Republic/Czechia_2013","Czech Republic/Czechia","2013","D",2030010,"Czech Republic/Czechia","  TOP 09 (TOP 09)"
"Czech Republic/Czechia_2013","Czech Republic/Czechia","2013","E",2030002,"Czech Republic/Czechia","  Civic Democratic Party (ODS)"
"Czech Republic/Czechia_2013","Czech Republic/Czechia","2013","F",2030013,"Czech Republic/Czechia","  Dawn of Direct Democracy of Tomio Okamura (Usvit)"
"Czech Republic/Czechia_2013","Czech Republic/Czechia","2013","G",2030003,"Czech Republic/Czechia","  Christian Democratic Union - Czech People's Party (KDU-CSL)"
"Czech Republic/Czechia_2013","Czech Republic/Czechia","2013","H",2030005,"Czech Republic/Czechia","  Green Party (SZ)"
"Czech Republic/Czechia_2013","Czech Republic/Czechia","2013","I",2030012,"Czech Republic/Czechia","  Czech Pirate Party (Pirati)"
"Czech Republic/Czechia_2017","Czech Republic/Czechia","2017","A",2030006,"Czech Republic/Czechia","  Action of Dissatisfied Citizens (ANO 2011)"
"Czech Republic/Czechia_2017","Czech Republic/Czechia","2017","B",2030002,"Czech Republic/Czechia","  Civic Democratic Party (ODS)"
"Czech Republic/Czechia_2017","Czech Republic/Czechia","2017","C",2030012,"Czech Republic/Czechia","  Czech Pirate Party (Pirati)"
"Czech Republic/Czechia_2017","Czech Republic/Czechia","2017","D",2030007,"Czech Republic/Czechia","  Freedom and Direct Democracy (SPD)"
"Czech Republic/Czechia_2017","Czech Republic/Czechia","2017","E",2030004,"Czech Republic/Czechia","  Communist Party of Bohemia and Moravia (KSCM)"
"Czech Republic/Czechia_2017","Czech Republic/Czechia","2017","F",2030001,"Czech Republic/Czechia","  Czech Social Democratic Party (CSSD)"
"Czech Republic/Czechia_2017","Czech Republic/Czechia","2017","G",2030003,"Czech Republic/Czechia","  Christian Democratic Union - Czech People's Party (KDU-CSL)"
"Czech Republic/Czechia_2017","Czech Republic/Czechia","2017","H",2030010,"Czech Republic/Czechia","  TOP 09 (TOP 09)"
"Czech Republic/Czechia_2017","Czech Republic/Czechia","2017","I",2030015,"Czech Republic/Czechia","  Mayors and Independents (STAN)"
"Czech Republic/Czechia_2021","Czech Republic/Czechia","2021","A",2030002,"Czech Republic/Czechia","  Civic Democratic Party (ODS)"
"Czech Republic/Czechia_2021","Czech Republic/Czechia","2021","B",2030006,"Czech Republic/Czechia","  Action of Dissatisfied Citizens (ANO 2011)"
"Czech Republic/Czechia_2021","Czech Republic/Czechia","2021","C",2030012,"Czech Republic/Czechia","  Czech Pirate Party (Pirati)"
"Czech Republic/Czechia_2021","Czech Republic/Czechia","2021","D",2030007,"Czech Republic/Czechia","  Freedom and Direct Democracy (SPD)"
"Czech Republic/Czechia_2021","Czech Republic/Czechia","2021","E",2030001,"Czech Republic/Czechia","  Czech Social Democratic Party (CSSD)"
"Czech Republic/Czechia_2021","Czech Republic/Czechia","2021","F",2030004,"Czech Republic/Czechia","  Communist Party of Bohemia and Moravia (KSCM)"
"Czech Republic/Czechia_2021","Czech Republic/Czechia","2021","G",2030010,"Czech Republic/Czechia","  TOP 09 (TOP 09)"
"Czech Republic/Czechia_2021","Czech Republic/Czechia","2021","H",2030003,"Czech Republic/Czechia","  Christian Democratic Union - Czech People's Party (KDU-CSL)"
"Czech Republic/Czechia_2021","Czech Republic/Czechia","2021","I",2030015,"Czech Republic/Czechia","  Mayors and Independents (STAN)"
"Germany_2002","Germany","2002","A",2760004,"Germany","  Social Democratic Party (SPD)"
"Germany_2002","Germany","2002","B",2760002,"Germany","  Christian Democratic Party (CDU)"
"Germany_2002","Germany","2002","C",2760003,"Germany","  Christian Social Union in Bavaria (CSU)"
"Germany_2002","Germany","2002","D",2760005,"Germany","  Alliance 90/Greens (B90/GRUENE)"
"Germany_2002","Germany","2002","E",2760006,"Germany","  Free Democratic Party (FDP)"
"Germany_2002","Germany","2002","F",2760007,"Germany","  Left Party (DIE LINKE) - SEE POLITY NOTES"
"Germany_2002","Germany","2002","G",2760008,"Germany","  The Republicans (REP)"
"Germany_2002","Germany","2002","H",2760024,"Germany","  Party Of The Rule Of Law Offensive (Schill-Party)"
"Germany_1998","Germany","1998","A",2760004,"Germany","  Social Democratic Party (SPD)"
"Germany_1998","Germany","1998","B",2760002,"Germany","  Christian Democratic Party (CDU)"
"Germany_1998","Germany","1998","C",2760003,"Germany","  Christian Social Union in Bavaria (CSU)"
"Germany_1998","Germany","1998","D",2760005,"Germany","  Alliance 90/Greens (B90/GRUENE)"
"Germany_1998","Germany","1998","E",2760006,"Germany","  Free Democratic Party (FDP)"
"Germany_1998","Germany","1998","F",2760007,"Germany","  Left Party (DIE LINKE) - SEE POLITY NOTES"
"Germany_2005","Germany","2005","A",2760004,"Germany","  Social Democratic Party (SPD)"
"Germany_2005","Germany","2005","B",2760002,"Germany","  Christian Democratic Party (CDU)"
"Germany_2005","Germany","2005","C",2760006,"Germany","  Free Democratic Party (FDP)"
"Germany_2005","Germany","2005","D",2760007,"Germany","  Left Party (DIE LINKE) - SEE POLITY NOTES"
"Germany_2005","Germany","2005","E",2760005,"Germany","  Alliance 90/Greens (B90/GRUENE)"
"Germany_2005","Germany","2005","F",2760003,"Germany","  Christian Social Union in Bavaria (CSU)"
"Germany_2005","Germany","2005","G",2760009,"Germany","  National Democratic Party of Germany (NPD)"
"Germany_2009","Germany","2009","A",2760002,"Germany","  Christian Democratic Party (CDU)"
"Germany_2009","Germany","2009","B",2760004,"Germany","  Social Democratic Party (SPD)"
"Germany_2009","Germany","2009","C",2760006,"Germany","  Free Democratic Party (FDP)"
"Germany_2009","Germany","2009","D",2760007,"Germany","  Left Party (DIE LINKE) - SEE POLITY NOTES"
"Germany_2009","Germany","2009","E",2760005,"Germany","  Alliance 90/Greens (B90/GRUENE)"
"Germany_2009","Germany","2009","F",2760003,"Germany","  Christian Social Union in Bavaria (CSU)"
"Germany_2009","Germany","2009","G",2760009,"Germany","  National Democratic Party of Germany (NPD)"
"Germany_2013","Germany","2013","A",2760002,"Germany","  Christian Democratic Party (CDU)"
"Germany_2013","Germany","2013","B",2760004,"Germany","  Social Democratic Party (SPD)"
"Germany_2013","Germany","2013","C",2760007,"Germany","  Left Party (DIE LINKE) - SEE POLITY NOTES"
"Germany_2013","Germany","2013","D",2760005,"Germany","  Alliance 90/Greens (B90/GRUENE)"
"Germany_2013","Germany","2013","E",2760003,"Germany","  Christian Social Union in Bavaria (CSU)"
"Germany_2013","Germany","2013","F",2760006,"Germany","  Free Democratic Party (FDP)"
"Germany_2013","Germany","2013","G",2760010,"Germany","  Alternative for Germany (AfD)"
"Germany_2013","Germany","2013","H",2760014,"Germany","  Pirates Party (PIRATEN)"
"Germany_2013","Germany","2013","I",2760009,"Germany","  National Democratic Party of Germany (NPD)"
"Germany_2017","Germany","2017","A",2760002,"Germany","  Christian Democratic Party (CDU)"
"Germany_2017","Germany","2017","B",2760004,"Germany","  Social Democratic Party (SPD)"
"Germany_2017","Germany","2017","C",2760010,"Germany","  Alternative for Germany (AfD)"
"Germany_2017","Germany","2017","D",2760006,"Germany","  Free Democratic Party (FDP)"
"Germany_2017","Germany","2017","E",2760007,"Germany","  Left Party (DIE LINKE) - SEE POLITY NOTES"
"Germany_2017","Germany","2017","F",2760005,"Germany","  Alliance 90/Greens (B90/GRUENE)"
"Germany_2017","Germany","2017","G",2760003,"Germany","  Christian Social Union in Bavaria (CSU)"
"Germany_2017","Germany","2017","H",2760025,"Germany","  Free Voters (FW)"
"Germany_2021","Germany","2021","A",2760004,"Germany","  Social Democratic Party (SPD)"
"Germany_2021","Germany","2021","B",2760002,"Germany","  Christian Democratic Party (CDU)"
"Germany_2021","Germany","2021","C",2760005,"Germany","  Alliance 90/Greens (B90/GRUENE)"
"Germany_2021","Germany","2021","D",2760006,"Germany","  Free Democratic Party (FDP)"
"Germany_2021","Germany","2021","E",2760010,"Germany","  Alternative for Germany (AfD)"
"Germany_2021","Germany","2021","F",2760003,"Germany","  Christian Social Union in Bavaria (CSU)"
"Germany_2021","Germany","2021","G",2760007,"Germany","  Left Party (DIE LINKE) - SEE POLITY NOTES"
"Germany_2021","Germany","2021","H",2760025,"Germany","  Free Voters (FW)"
"Germany_2021","Germany","2021","I",2760026,"Germany","  Animal Protection Party (Tierschutzpartei)"
"Denmark_1998","Denmark","1998","A",2080001,"Denmark","  Social Democrats (Sd)"
"Denmark_1998","Denmark","1998","B",2080002,"Denmark","  Venstre, Denmark's Liberal Party (V)"
"Denmark_1998","Denmark","1998","C",2080007,"Denmark","  Conservative People's Party (KF)"
"Denmark_1998","Denmark","1998","D",2080004,"Denmark","  Socialist People's Party (SF)"
"Denmark_1998","Denmark","1998","E",2080010,"Denmark","  Danish People's Party (DF)"
"Denmark_1998","Denmark","1998","F",2080011,"Denmark","  Centre Democrats (CD)"
"Denmark_2001","Denmark","2001","A",2080002,"Denmark","  Venstre, Denmark's Liberal Party (V)"
"Denmark_2001","Denmark","2001","B",2080001,"Denmark","  Social Democrats (Sd)"
"Denmark_2001","Denmark","2001","C",2080010,"Denmark","  Danish People's Party (DF)"
"Denmark_2001","Denmark","2001","D",2080007,"Denmark","  Conservative People's Party (KF)"
"Denmark_2001","Denmark","2001","E",2080004,"Denmark","  Socialist People's Party (SF)"
"Denmark_2001","Denmark","2001","F",2080006,"Denmark","  Danish Social Liberal Party (RV)"
"Denmark_2001","Denmark","2001","G",2080005,"Denmark","  Unity List - Red-Green Alliance (EL)"
"Denmark_2001","Denmark","2001","H",2080008,"Denmark","  Christian Democrats (KD) - SEE POLITY NOTES"
"Denmark_2001","Denmark","2001","I",2080011,"Denmark","  Centre Democrats (CD)"
"Denmark_2007","Denmark","2007","A",2080002,"Denmark","  Venstre, Denmark's Liberal Party (V)"
"Denmark_2007","Denmark","2007","B",2080001,"Denmark","  Social Democrats (Sd)"
"Denmark_2007","Denmark","2007","C",2080010,"Denmark","  Danish People's Party (DF)"
"Denmark_2007","Denmark","2007","D",2080004,"Denmark","  Socialist People's Party (SF)"
"Denmark_2007","Denmark","2007","E",2080007,"Denmark","  Conservative People's Party (KF)"
"Denmark_2007","Denmark","2007","F",2080006,"Denmark","  Danish Social Liberal Party (RV)"
"Denmark_2007","Denmark","2007","G",2080009,"Denmark","  New Alliance (NA) / Liberal Alliance (LA) - SEE POLITY NOTES"
"Denmark_2007","Denmark","2007","H",2080005,"Denmark","  Unity List - Red-Green Alliance (EL)"
"Denmark_2007","Denmark","2007","I",2080008,"Denmark","  Christian Democrats (KD) - SEE POLITY NOTES"
"Denmark_2019","Denmark","2019","A",2080001,"Denmark","  Social Democrats (Sd)"
"Denmark_2019","Denmark","2019","B",2080002,"Denmark","  Venstre, Denmark's Liberal Party (V)"
"Denmark_2019","Denmark","2019","C",2080010,"Denmark","  Danish People's Party (DF)"
"Denmark_2019","Denmark","2019","D",2080006,"Denmark","  Danish Social Liberal Party (RV)"
"Denmark_2019","Denmark","2019","E",2080004,"Denmark","  Socialist People's Party (SF)"
"Denmark_2019","Denmark","2019","F",2080005,"Denmark","  Unity List - Red-Green Alliance (EL)"
"Denmark_2019","Denmark","2019","G",2080007,"Denmark","  Conservative People's Party (KF)"
"Denmark_2019","Denmark","2019","H",2080012,"Denmark","  The Alternative (A)"
"Denmark_2019","Denmark","2019","I",2080013,"Denmark","  The New Right (NB)"
"Spain_1996","Spain","1996","A",7240002,"Spain","  People's Party (PP)"
"Spain_1996","Spain","1996","B",7240001,"Spain","  Spanish Socialist Workers' Party (PSOE)"
"Spain_1996","Spain","1996","C",7240004,"Spain","  United Left (IU)"
"Spain_1996","Spain","1996","D",7240003,"Spain","  Convergence and Union (CiU)"
"Spain_1996","Spain","1996","E",7240005,"Spain","  Basque Nationalist Party (PNV) - SEE POLITY NOTES"
"Spain_1996","Spain","1996","F",7240013,"Spain","  Canary Coalition (CC)"
"Spain_2000","Spain","2000","A",7240002,"Spain","  People's Party (PP)"
"Spain_2000","Spain","2000","B",7240001,"Spain","  Spanish Socialist Workers' Party (PSOE)"
"Spain_2000","Spain","2000","C",7240004,"Spain","  United Left (IU)"
"Spain_2000","Spain","2000","D",7240003,"Spain","  Convergence and Union (CiU)"
"Spain_2000","Spain","2000","E",7240005,"Spain","  Basque Nationalist Party (PNV) - SEE POLITY NOTES"
"Spain_2004","Spain","2004","A",7240001,"Spain","  Spanish Socialist Workers' Party (PSOE)"
"Spain_2004","Spain","2004","B",7240002,"Spain","  People's Party (PP)"
"Spain_2004","Spain","2004","C",7240004,"Spain","  United Left (IU)"
"Spain_2004","Spain","2004","D",7240003,"Spain","  Convergence and Union (CiU)"
"Spain_2004","Spain","2004","E",7240009,"Spain","  Republican Left of Catalonia (ERC)"
"Spain_2004","Spain","2004","F",7240005,"Spain","  Basque Nationalist Party (PNV) - SEE POLITY NOTES"
"Spain_2004","Spain","2004","G",7240013,"Spain","  Canary Coalition (CC)"
"Spain_2004","Spain","2004","H",7240008,"Spain","  Galician Nationalist Bloc (BNG)"
"Spain_2008","Spain","2008","A",7240001,"Spain","  Spanish Socialist Workers' Party (PSOE)"
"Spain_2008","Spain","2008","B",7240002,"Spain","  People's Party (PP)"
"Spain_2008","Spain","2008","C",7240003,"Spain","  Convergence and Union (CiU)"
"Spain_2008","Spain","2008","D",7240005,"Spain","  Basque Nationalist Party (PNV) - SEE POLITY NOTES"
"Spain_2008","Spain","2008","E",7240009,"Spain","  Republican Left of Catalonia (ERC)"
"Spain_2008","Spain","2008","F",7240004,"Spain","  United Left (IU)"
"Spain_2008","Spain","2008","G",7240008,"Spain","  Galician Nationalist Bloc (BNG)"
"Spain_2008","Spain","2008","H",7240014,"Spain","  Canarian Coalition - Canarian Nationalist Party (CC - PNC) - SEE "
"Spain_2008","Spain","2008","I",7240012,"Spain","  Union, Progress and Democracy (UPyD)"
"Estonia_2011","Estonia","2011","A",2330001,"Estonia","  Estonian Reform Party (ER e)"
"Estonia_2011","Estonia","2011","B",2330002,"Estonia","  Estonian Centre Party (EK)"
"Estonia_2011","Estonia","2011","C",2330004,"Estonia","  Pro Patria and Res Publica Union (IRL)"
"Estonia_2011","Estonia","2011","D",2330003,"Estonia","  Social Democratic Party (SDE)"
"Estonia_2011","Estonia","2011","E",2330016,"Estonia","  Estonian People's Union (ER a) "
"Estonia_2011","Estonia","2011","F",2330005,"Estonia","  Estonian Greens (EER)"
"Finland_2003","Finland","2003","A",2460001,"Finland","  Center Party of Finland (KESK)"
"Finland_2003","Finland","2003","B",2460002,"Finland","  Social Democratic Party of Finland (SDP)"
"Finland_2003","Finland","2003","C",2460003,"Finland","  National Coalition Party (KOK)"
"Finland_2003","Finland","2003","D",2460006,"Finland","  Left Alliance (VAS)"
"Finland_2003","Finland","2003","E",2460005,"Finland","  Green League (VIHR)"
"Finland_2003","Finland","2003","F",2460007,"Finland","  Christian Democrats (KD)"
"Finland_2003","Finland","2003","G",2460008,"Finland","  Swedish People's Party in Finland (RKP - SFP)"
"Finland_2007","Finland","2007","A",2460001,"Finland","  Center Party of Finland (KESK)"
"Finland_2007","Finland","2007","B",2460003,"Finland","  National Coalition Party (KOK)"
"Finland_2007","Finland","2007","C",2460002,"Finland","  Social Democratic Party of Finland (SDP)"
"Finland_2007","Finland","2007","D",2460006,"Finland","  Left Alliance (VAS)"
"Finland_2007","Finland","2007","E",2460005,"Finland","  Green League (VIHR)"
"Finland_2007","Finland","2007","F",2460008,"Finland","  Swedish People's Party in Finland (RKP - SFP)"
"Finland_2007","Finland","2007","G",2460007,"Finland","  Christian Democrats (KD)"
"Finland_2007","Finland","2007","H",2460004,"Finland","  True Finns / The Finns Party (PS) - SEE POLITY NOTES"
"Finland_2011","Finland","2011","A",2460003,"Finland","  National Coalition Party (KOK)"
"Finland_2011","Finland","2011","B",2460002,"Finland","  Social Democratic Party of Finland (SDP)"
"Finland_2011","Finland","2011","C",2460004,"Finland","  True Finns / The Finns Party (PS) - SEE POLITY NOTES"
"Finland_2011","Finland","2011","D",2460001,"Finland","  Center Party of Finland (KESK)"
"Finland_2011","Finland","2011","E",2460006,"Finland","  Left Alliance (VAS)"
"Finland_2011","Finland","2011","F",2460005,"Finland","  Green League (VIHR)"
"Finland_2011","Finland","2011","G",2460008,"Finland","  Swedish People's Party in Finland (RKP - SFP)"
"Finland_2011","Finland","2011","H",2460007,"Finland","  Christian Democrats (KD)"
"Finland_2015","Finland","2015","A",2460001,"Finland","  Center Party of Finland (KESK)"
"Finland_2015","Finland","2015","B",2460003,"Finland","  National Coalition Party (KOK)"
"Finland_2015","Finland","2015","C",2460004,"Finland","  True Finns / The Finns Party (PS) - SEE POLITY NOTES"
"Finland_2015","Finland","2015","D",2460002,"Finland","  Social Democratic Party of Finland (SDP)"
"Finland_2015","Finland","2015","E",2460005,"Finland","  Green League (VIHR)"
"Finland_2015","Finland","2015","F",2460006,"Finland","  Left Alliance (VAS)"
"Finland_2015","Finland","2015","G",2460008,"Finland","  Swedish People's Party in Finland (RKP - SFP)"
"Finland_2015","Finland","2015","H",2460007,"Finland","  Christian Democrats (KD)"
"Finland_2019","Finland","2019","A",2460002,"Finland","  Social Democratic Party of Finland (SDP)"
"Finland_2019","Finland","2019","B",2460004,"Finland","  True Finns / The Finns Party (PS) - SEE POLITY NOTES"
"Finland_2019","Finland","2019","C",2460003,"Finland","  National Coalition Party (KOK)"
"Finland_2019","Finland","2019","D",2460001,"Finland","  Center Party of Finland (KESK)"
"Finland_2019","Finland","2019","E",2460005,"Finland","  Green League (VIHR)"
"Finland_2019","Finland","2019","F",2460006,"Finland","  Left Alliance (VAS)"
"Finland_2019","Finland","2019","G",2460008,"Finland","  Swedish People's Party in Finland (RKP - SFP)"
"Finland_2019","Finland","2019","H",2460007,"Finland","  Christian Democrats (KD)"
"Finland_2019","Finland","2019","I",2460010,"Finland","  Blue Reform (SIN) - SEE POLITY NOTES"
"France_2002","France","2002","A",2500008,"France","  Rally For The Republic (RPR)"
"France_2002","France","2002","B",2500007,"France","  National Front (FN)"
"France_2002","France","2002","C",2500002,"France","  Socialist Party (PS)"
"France_2002","France","2002","D",2500003,"France","  Democratic Movement (MoDem) - SEE POLITY/ELECTION STUDY NOTES"
"France_2002","France","2002","E",2500009,"France","  Workers' Struggle (LO)"
"France_2002","France","2002","F",2500012,"France","  Republican And Civic Movement (MDC)"
"France_2002","France","2002","G",2500005,"France","  Europe Ecology - The Greens (EELV) - SEE POLITY NOTES"
"France_2002","France","2002","H",2500013,"France","  Liberal Democracy (LD)"
"France_2002","France","2002","I",2500004,"France","  French Communist Party (PCF)"
"France_2007","France","2007","A",2500001,"France","  Union for a Popular Movement (UMP) - SEE POLITY NOTES"
"France_2007","France","2007","B",2500002,"France","  Socialist Party (PS)"
"France_2007","France","2007","C",2500003,"France","  Democratic Movement (MoDem) - SEE POLITY/ELECTION STUDY NOTES"
"France_2007","France","2007","D",2500007,"France","  National Front (FN)"
"France_2007","France","2007","E",2500004,"France","  French Communist Party (PCF)"
"France_2007","France","2007","F",2500005,"France","  Europe Ecology - The Greens (EELV) - SEE POLITY NOTES"
"France_2007","France","2007","G",2500014,"France","  Revolutionary Communist League (LCR)"
"France_2007","France","2007","H",2500020,"France","  New Centre (NC)"
"France_2007","France","2007","I",2500018,"France","  Radical Party of the Left (RPG)"
"France_2012","France","2012","A",2500002,"France","  Socialist Party (PS)"
"France_2012","France","2012","B",2500001,"France","  Union for a Popular Movement (UMP) - SEE POLITY NOTES"
"France_2012","France","2012","C",2500007,"France","  National Front (FN)"
"France_2012","France","2012","D",2500006,"France","  Left Front (FDG) - SEE POLITY NOTES"
"France_2012","France","2012","E",2500003,"France","  Democratic Movement (MoDem) - SEE POLITY/ELECTION STUDY NOTES"
"France_2012","France","2012","F",2500005,"France","  Europe Ecology - The Greens (EELV) - SEE POLITY NOTES"
"France_2017","France","2017","A",2500017,"France","  The Republic Onwards! (LaREM)"
"France_2017","France","2017","B",2500007,"France","  National Front (FN)"
"France_2017","France","2017","C",2500022,"France","  The Republicans (LR) - SEE POLITY NOTES"
"France_2017","France","2017","D",2500031,"France","  Indomitable France (FI)"
"France_2017","France","2017","E",2500002,"France","  Socialist Party (PS)"
"France_2017","France","2017","F",2500025,"France","  Arise the Republic (DLR) / France Arise (DLF) - SEE POLITY NOTES"
"France_2017","France","2017","G",2500005,"France","  Europe Ecology - The Greens (EELV) - SEE POLITY NOTES"
"Great Britain_1997","Great Britain","1997","A",8260002,"Great Britain","  Labor (Lab)"
"Great Britain_1997","Great Britain","1997","B",8260001,"Great Britain","  Conservatives (Con)"
"Great Britain_1997","Great Britain","1997","C",8260003,"Great Britain","  Liberal Democrats (LD)"
"Great Britain_1997","Great Britain","1997","D",8260004,"Great Britain","  Scottish National Party (SNP)  - SEE POLITY NOTES"
"Great Britain_1997","Great Britain","1997","E",8260006,"Great Britain","  Plaid Cymru (PC)  - SEE POLITY NOTES"
"Great Britain_2005","Great Britain","2005","A",8260002,"Great Britain","  Labor (Lab)"
"Great Britain_2005","Great Britain","2005","B",8260001,"Great Britain","  Conservatives (Con)"
"Great Britain_2005","Great Britain","2005","C",8260003,"Great Britain","  Liberal Democrats (LD)"
"Great Britain_2005","Great Britain","2005","D",8260004,"Great Britain","  Scottish National Party (SNP)  - SEE POLITY NOTES"
"Great Britain_2005","Great Britain","2005","E",8260006,"Great Britain","  Plaid Cymru (PC)  - SEE POLITY NOTES"
"Great Britain_2015","Great Britain","2015","A",8260001,"Great Britain","  Conservatives (Con)"
"Great Britain_2015","Great Britain","2015","B",8260002,"Great Britain","  Labor (Lab)"
"Great Britain_2015","Great Britain","2015","C",8260007,"Great Britain","  United Kingdom Independence Party (UKIP)"
"Great Britain_2015","Great Britain","2015","D",8260003,"Great Britain","  Liberal Democrats (LD)"
"Great Britain_2015","Great Britain","2015","E",8260004,"Great Britain","  Scottish National Party (SNP)  - SEE POLITY NOTES"
"Great Britain_2015","Great Britain","2015","F",8260005,"Great Britain","  Green Party (GP)"
"Great Britain_2015","Great Britain","2015","G",8260006,"Great Britain","  Plaid Cymru (PC)  - SEE POLITY NOTES"
"Great Britain_2017","Great Britain","2017","A",8260001,"Great Britain","  Conservatives (Con)"
"Great Britain_2017","Great Britain","2017","B",8260002,"Great Britain","  Labor (Lab)"
"Great Britain_2017","Great Britain","2017","C",8260003,"Great Britain","  Liberal Democrats (LD)"
"Great Britain_2017","Great Britain","2017","D",8260004,"Great Britain","  Scottish National Party (SNP)  - SEE POLITY NOTES"
"Great Britain_2017","Great Britain","2017","E",8260007,"Great Britain","  United Kingdom Independence Party (UKIP)"
"Great Britain_2017","Great Britain","2017","F",8260005,"Great Britain","  Green Party (GP)"
"Great Britain_2017","Great Britain","2017","G",8260006,"Great Britain","  Plaid Cymru (PC)  - SEE POLITY NOTES"
"Great Britain_2019","Great Britain","2019","A",8260001,"Great Britain","  Conservatives (Con)"
"Great Britain_2019","Great Britain","2019","B",8260002,"Great Britain","  Labor (Lab)"
"Great Britain_2019","Great Britain","2019","C",8260003,"Great Britain","  Liberal Democrats (LD)"
"Great Britain_2019","Great Britain","2019","D",8260004,"Great Britain","  Scottish National Party (SNP)  - SEE POLITY NOTES"
"Great Britain_2019","Great Britain","2019","E",8260005,"Great Britain","  Green Party (GP)"
"Great Britain_2019","Great Britain","2019","F",8260008,"Great Britain","  Brexit Party (BP)"
"Great Britain_2019","Great Britain","2019","G",8260006,"Great Britain","  Plaid Cymru (PC)  - SEE POLITY NOTES"
"Greece_2015","Greece","2015","A",3000003,"Greece","  Coalition of the Radical Left (SYRIZA)"
"Greece_2015","Greece","2015","B",3000002,"Greece","  New Democracy (ND)"
"Greece_2015","Greece","2015","C",3000006,"Greece","  Golden Dawn (LS - XA)"
"Greece_2015","Greece","2015","D",3000013,"Greece","  The River"
"Greece_2015","Greece","2015","E",3000004,"Greece","  Communist Party of Greece (KKE)"
"Greece_2015","Greece","2015","F",3000007,"Greece","  The Independent Greeks (ANEL)"
"Greece_2015","Greece","2015","G",3000001,"Greece","  Pan-Hellenic Socialist Movement (PASOK)"
"Greece_2015","Greece","2015","J",3000003,"Greece","  Coalition of the Radical Left (SYRIZA)"
"Greece_2015","Greece","2015","K",3000002,"Greece","  New Democracy (ND)"
"Greece_2015","Greece","2015","L",3000006,"Greece","  Golden Dawn (LS - XA)"
"Greece_2015","Greece","2015","M",3000100,"Greece","  Democratic Coalition (DISI) - SEE POLITY NOTES"
"Greece_2015","Greece","2015","N",3000004,"Greece","  Communist Party of Greece (KKE)"
"Greece_2015","Greece","2015","O",3000013,"Greece","  The River"
"Greece_2015","Greece","2015","P",3000007,"Greece","  The Independent Greeks (ANEL)"
"Greece_2015","Greece","2015","Q",3000021,"Greece","  Union of Centrists"
"Greece_2009","Greece","2009","A",3000001,"Greece","  Pan-Hellenic Socialist Movement (PASOK)"
"Greece_2009","Greece","2009","B",3000002,"Greece","  New Democracy (ND)"
"Greece_2009","Greece","2009","C",3000004,"Greece","  Communist Party of Greece (KKE)"
"Greece_2009","Greece","2009","D",3000019,"Greece","  Popular Orthodox Rally (LaOS)"
"Greece_2009","Greece","2009","E",3000003,"Greece","  Coalition of the Radical Left (SYRIZA)"
"Greece_2009","Greece","2009","F",3000005,"Greece","  Ecologists - Greens (Oik Pras)"
"Greece_2012","Greece","2012","A",3000002,"Greece","  New Democracy (ND)"
"Greece_2012","Greece","2012","B",3000003,"Greece","  Coalition of the Radical Left (SYRIZA)"
"Greece_2012","Greece","2012","C",3000001,"Greece","  Pan-Hellenic Socialist Movement (PASOK)"
"Greece_2012","Greece","2012","D",3000007,"Greece","  The Independent Greeks (ANEL)"
"Greece_2012","Greece","2012","E",3000006,"Greece","  Golden Dawn (LS - XA)"
"Greece_2012","Greece","2012","F",3000012,"Greece","  Democratic Left (DIMAR)"
"Greece_2012","Greece","2012","G",3000004,"Greece","  Communist Party of Greece (KKE)"
"Greece_2019","Greece","2019","A",3000002,"Greece","  New Democracy (ND)"
"Greece_2019","Greece","2019","B",3000003,"Greece","  Coalition of the Radical Left (SYRIZA)"
"Greece_2019","Greece","2019","C",3000008,"Greece","  Movement for Change (KINAL) - SEE POLITY NOTES"
"Greece_2019","Greece","2019","D",3000004,"Greece","  Communist Party of Greece (KKE)"
"Greece_2019","Greece","2019","E",3000009,"Greece","  Greek Solution"
"Greece_2019","Greece","2019","F",3000014,"Greece","  European Realistic Disobedience Front (MeRA25)"
"Greece_2019","Greece","2019","G",3000006,"Greece","  Golden Dawn (LS - XA)"
"Greece_2019","Greece","2019","H",3000023,"Greece","  Course of Freedom"
"Greece_2019","Greece","2019","I",3000021,"Greece","  Union of Centrists"
"Hong Kong_1998","Hong Kong","1998","A",3440003,"Hong Kong","  Democratic Party (DP)"
"Hong Kong_1998","Hong Kong","1998","B",3440001,"Hong Kong","  Democratic Alliance for Betterment of Hong Kong (DAB)"
"Hong Kong_1998","Hong Kong","1998","C",3440019,"Hong Kong","  Frontier"
"Hong Kong_1998","Hong Kong","1998","D",3440015,"Hong Kong","  Hong Kong Association for Democracy and People's Livelihood (ADPL)"
"Hong Kong_1998","Hong Kong","1998","E",3440009,"Hong Kong","  Liberal Party (LP)"
"Hong Kong_1998","Hong Kong","1998","F",3440032,"Hong Kong","  Citizen's Party"
"Hong Kong_2000","Hong Kong","2000","A",3440003,"Hong Kong","  Democratic Party (DP)"
"Hong Kong_2000","Hong Kong","2000","B",3440001,"Hong Kong","  Democratic Alliance for Betterment of Hong Kong (DAB)"
"Hong Kong_2000","Hong Kong","2000","C",3440019,"Hong Kong","  Frontier"
"Hong Kong_2000","Hong Kong","2000","D",3440015,"Hong Kong","  Hong Kong Association for Democracy and People's Livelihood (ADPL)"
"Hong Kong_2000","Hong Kong","2000","E",3440009,"Hong Kong","  Liberal Party (LP)"
"Hong Kong_2000","Hong Kong","2000","F",3440032,"Hong Kong","  Citizen's Party"
"Hong Kong_2004","Hong Kong","2004","A",3440003,"Hong Kong","  Democratic Party (DP)"
"Hong Kong_2004","Hong Kong","2004","B",3440001,"Hong Kong","  Democratic Alliance for Betterment of Hong Kong (DAB)"
"Hong Kong_2004","Hong Kong","2004","C",3440009,"Hong Kong","  Liberal Party (LP)"
"Hong Kong_2004","Hong Kong","2004","D",3440015,"Hong Kong","  Hong Kong Association for Democracy and People's Livelihood (ADPL)"
"Hong Kong_2004","Hong Kong","2004","E",3440026,"Hong Kong","  April Fifth Action (AFAG)"
"Hong Kong_2004","Hong Kong","2004","F",3440013,"Hong Kong","  Neighborhood & Workers Service Centre (NWSC)"
"Hong Kong_2004","Hong Kong","2004","G",3440005,"Hong Kong","  Hong Kong Federation of Trade Unions (HKFTU)"
"Hong Kong_2008","Hong Kong","2008","A",3440001,"Hong Kong","  Democratic Alliance for Betterment of Hong Kong (DAB)"
"Hong Kong_2008","Hong Kong","2008","B",3440003,"Hong Kong","  Democratic Party (DP)"
"Hong Kong_2008","Hong Kong","2008","C",3440002,"Hong Kong","  Civic Party (CPP)"
"Hong Kong_2008","Hong Kong","2008","D",3440007,"Hong Kong","  League of Social Democrats (LSD)"
"Hong Kong_2008","Hong Kong","2008","E",3440005,"Hong Kong","  Hong Kong Federation of Trade Unions (HKFTU)"
"Hong Kong_2008","Hong Kong","2008","F",3440009,"Hong Kong","  Liberal Party (LP)"
"Hong Kong_2008","Hong Kong","2008","G",3440015,"Hong Kong","  Hong Kong Association for Democracy and People's Livelihood (ADPL)"
"Hong Kong_2008","Hong Kong","2008","H",3440019,"Hong Kong","  Frontier"
"Hong Kong_2012","Hong Kong","2012","A",3440001,"Hong Kong","  Democratic Alliance for Betterment of Hong Kong (DAB)"
"Hong Kong_2012","Hong Kong","2012","B",3440002,"Hong Kong","  Civic Party (CPP)"
"Hong Kong_2012","Hong Kong","2012","C",3440003,"Hong Kong","  Democratic Party (DP)"
"Hong Kong_2012","Hong Kong","2012","D",3440004,"Hong Kong","  People Power (PP)"
"Hong Kong_2012","Hong Kong","2012","E",3440005,"Hong Kong","  Hong Kong Federation of Trade Unions (HKFTU)"
"Hong Kong_2012","Hong Kong","2012","F",3440006,"Hong Kong","  Labor Party (LAB)"
"Hong Kong_2012","Hong Kong","2012","G",3440007,"Hong Kong","  League of Social Democrats (LSD)"
"Hong Kong_2012","Hong Kong","2012","H",3440008,"Hong Kong","  New People's Party (NPP)"
"Hong Kong_2012","Hong Kong","2012","I",3440009,"Hong Kong","  Liberal Party (LP)"
"Hong Kong_2016","Hong Kong","2016","A",3440001,"Hong Kong","  Democratic Alliance for Betterment of Hong Kong (DAB)"
"Hong Kong_2016","Hong Kong","2016","B",3440002,"Hong Kong","  Civic Party (CPP)"
"Hong Kong_2016","Hong Kong","2016","C",3440003,"Hong Kong","  Democratic Party (DP)"
"Hong Kong_2016","Hong Kong","2016","D",3440005,"Hong Kong","  Hong Kong Federation of Trade Unions (HKFTU)"
"Hong Kong_2016","Hong Kong","2016","E",3440008,"Hong Kong","  New People's Party (NPP)"
"Hong Kong_2016","Hong Kong","2016","F",3440100,"Hong Kong","  People Power - League of Social Democrats (PP - LSD) - "
"Hong Kong_2016","Hong Kong","2016","G",3440101,"Hong Kong","  Civic Passion - Proletariat Political Institute - "
"Hong Kong_2016","Hong Kong","2016","H",3440006,"Hong Kong","  Labor Party (LAB)"
"Hong Kong_2016","Hong Kong","2016","I",3440103,"Hong Kong","  ALLinHKG - SEE POLITY NOTES"
"Croatia_2007","Croatia","2007","A",1910001,"Croatia","  Croatian Democratic Union (HDZ)"
"Croatia_2007","Croatia","2007","B",1910002,"Croatia","  Social Democratic Party of Croatia (SDP)"
"Croatia_2007","Croatia","2007","C",1910003,"Croatia","  Croatian People's Party - Liberal Democrats (HNS)"
"Croatia_2007","Croatia","2007","D",1910007,"Croatia","  Croatian Peasant Party (HSS)"
"Croatia_2007","Croatia","2007","E",1910006,"Croatia","  Croatian Party of Pensioners (HSU)"
"Croatia_2007","Croatia","2007","F",1910010,"Croatia","  Croatian Party of Rights (HSP)"
"Croatia_2007","Croatia","2007","G",1910008,"Croatia","  Croatian Social Liberal Party (HSLS)"
"Croatia_2007","Croatia","2007","H",1910009,"Croatia","  Croatian Democratic Alliance of Slavonia and Baranja (HDSSB)"
"Croatia_2007","Croatia","2007","I",1910011,"Croatia","  Istrian Democratic Assembly (IDS)"
"Hungary_1998","Hungary","1998","A",3480001,"Hungary","  Hungarian Socialist Party (MSZP)"
"Hungary_1998","Hungary","1998","B",3480002,"Hungary","  Fidesz-Hungarian Civic Party Alliance Party (Fidesz - MPP)"
"Hungary_1998","Hungary","1998","C",3480013,"Hungary","  Independent Small Holders Party (FKgP)"
"Hungary_1998","Hungary","1998","D",3480008,"Hungary","  Alliance of Free Democrats (SZDSZ)"
"Hungary_1998","Hungary","1998","E",3480004,"Hungary","  Hungarian Justice and Life Party (MIEP)"
"Hungary_1998","Hungary","1998","F",3480006,"Hungary","  Hungarian Worker's Party (MMP) - SEE POLITY NOTES"
"Hungary_1998","Hungary","1998","G",3480007,"Hungary","  Hungarian Democratic Forum (MDF)"
"Hungary_2002","Hungary","2002","A",3480001,"Hungary","  Hungarian Socialist Party (MSZP)"
"Hungary_2002","Hungary","2002","B",3480002,"Hungary","  Fidesz-Hungarian Civic Party Alliance Party (Fidesz - MPP)"
"Hungary_2002","Hungary","2002","C",3480008,"Hungary","  Alliance of Free Democrats (SZDSZ)"
"Hungary_2002","Hungary","2002","D",3480004,"Hungary","  Hungarian Justice and Life Party (MIEP)"
"Hungary_2002","Hungary","2002","E",3480033,"Hungary","  Alliance for Hungary - Center Party"
"Hungary_2002","Hungary","2002","F",3480007,"Hungary","  Hungarian Democratic Forum (MDF)"
"Hungary_2018","Hungary","2018","A",3480010,"Hungary","  Fidesz - KDNP - SEE POLITY NOTES"
"Hungary_2018","Hungary","2018","B",3480003,"Hungary","  Jobbik - Movement for a Better Hungary (Jobbik)"
"Hungary_2018","Hungary","2018","C",3480001,"Hungary","  Hungarian Socialist Party (MSZP)"
"Hungary_2018","Hungary","2018","D",3480011,"Hungary","  Politics Can Be Different (LMP)"
"Hungary_2018","Hungary","2018","E",3480015,"Hungary","  Democratic Coalition (DK)"
"Hungary_2018","Hungary","2018","F",3480016,"Hungary","  Momentum Movement"
"Hungary_2018","Hungary","2018","G",3480017,"Hungary","  Hungarian Two-tailed Dog Party"
"Hungary_2018","Hungary","2018","H",3480018,"Hungary","  Together - Party for a New Era"
"India_2019","India","2019","A",3560001,"India"," Indian People's Party (BJP) - SEE POLITY NOTES"
"India_2019","India","2019","B",3560002,"India"," Indian National Congress (INC) - SEE POLITY NOTES"
"India_2019","India","2019","C",3560003,"India"," All India Trinamool Congress (AITC)"
"India_2019","India","2019","D",3560004,"India"," Bahujan Samaj Party (BSP)"
"India_2019","India","2019","E",3560005,"India"," Socialist Party (SP)"
"India_2019","India","2019","F",3560006,"India"," Youth, Labor, and Farmer Congress Party (YSRCP)"
"India_2019","India","2019","G",3560007,"India"," Dravidian Progress Federation (DMK)"
"India_2019","India","2019","H",3560008,"India"," Shivaji's Army  "
"India_2019","India","2019","I",3560010,"India"," Communist Party of India (Marxist) (CPI(M))"
"Ireland_2002","Ireland","2002","A",3720001,"Ireland","  Fianna Fail (FF)"
"Ireland_2002","Ireland","2002","B",3720002,"Ireland","  Fine Gael (FG)"
"Ireland_2002","Ireland","2002","C",3720003,"Ireland","  Labor (Lab)"
"Ireland_2002","Ireland","2002","D",3720004,"Ireland","  Sinn Fein (SF)"
"Ireland_2002","Ireland","2002","E",3720006,"Ireland","  Progressive Democrats (PD)"
"Ireland_2002","Ireland","2002","F",3720005,"Ireland","  Greens (GP)"
"Ireland_2007","Ireland","2007","A",3720001,"Ireland","  Fianna Fail (FF)"
"Ireland_2007","Ireland","2007","B",3720002,"Ireland","  Fine Gael (FG)"
"Ireland_2007","Ireland","2007","C",3720003,"Ireland","  Labor (Lab)"
"Ireland_2007","Ireland","2007","D",3720005,"Ireland","  Greens (GP)"
"Ireland_2007","Ireland","2007","E",3720004,"Ireland","  Sinn Fein (SF)"
"Ireland_2007","Ireland","2007","F",3720006,"Ireland","  Progressive Democrats (PD)"
"Ireland_2011","Ireland","2011","A",3720002,"Ireland","  Fine Gael (FG)"
"Ireland_2011","Ireland","2011","B",3720003,"Ireland","  Labor (Lab)"
"Ireland_2011","Ireland","2011","C",3720001,"Ireland","  Fianna Fail (FF)"
"Ireland_2011","Ireland","2011","D",3720004,"Ireland","  Sinn Fein (SF)"
"Ireland_2011","Ireland","2011","E",3720009,"Ireland","  United Left Alliance (ULA)"
"Ireland_2011","Ireland","2011","F",3720005,"Ireland","  Greens (GP)"
"Ireland_2016","Ireland","2016","A",3720002,"Ireland","  Fine Gael (FG)"
"Ireland_2016","Ireland","2016","B",3720001,"Ireland","  Fianna Fail (FF)"
"Ireland_2016","Ireland","2016","C",3720004,"Ireland","  Sinn Fein (SF)"
"Ireland_2016","Ireland","2016","D",3720003,"Ireland","  Labor (Lab)"
"Ireland_2016","Ireland","2016","E",3720011,"Ireland","  Anti-Austerity Alliance-People Before Profit (AAA-PBP) - "
"Ireland_2016","Ireland","2016","F",3720013,"Ireland","  Social Democrats (SD)"
"Ireland_2016","Ireland","2016","G",3720005,"Ireland","  Greens (GP)"
"Ireland_2016","Ireland","2016","H",3720014,"Ireland","  Renew Ireland (RI)"
"Iceland_1999","Iceland","1999","A",3520001,"Iceland","  Independence Party (Sj)"
"Iceland_1999","Iceland","1999","B",3520002,"Iceland","  Social Democratic Alliance (Sam) - SEE POLITY NOTES"
"Iceland_1999","Iceland","1999","C",3520003,"Iceland","  Progressive Party (F)"
"Iceland_1999","Iceland","1999","D",3520005,"Iceland","  Left-Green Movement (VG)"
"Iceland_1999","Iceland","1999","E",3520004,"Iceland","  Liberal Party (FF)"
"Iceland_2003","Iceland","2003","A",3520001,"Iceland","  Independence Party (Sj)"
"Iceland_2003","Iceland","2003","B",3520002,"Iceland","  Social Democratic Alliance (Sam) - SEE POLITY NOTES"
"Iceland_2003","Iceland","2003","C",3520003,"Iceland","  Progressive Party (F)"
"Iceland_2003","Iceland","2003","D",3520005,"Iceland","  Left-Green Movement (VG)"
"Iceland_2003","Iceland","2003","E",3520004,"Iceland","  Liberal Party (FF)"
"Iceland_2007","Iceland","2007","A",3520001,"Iceland","  Independence Party (Sj)"
"Iceland_2007","Iceland","2007","B",3520002,"Iceland","  Social Democratic Alliance (Sam) - SEE POLITY NOTES"
"Iceland_2007","Iceland","2007","C",3520005,"Iceland","  Left-Green Movement (VG)"
"Iceland_2007","Iceland","2007","D",3520003,"Iceland","  Progressive Party (F)"
"Iceland_2007","Iceland","2007","E",3520004,"Iceland","  Liberal Party (FF)"
"Iceland_2007","Iceland","2007","F",3520013,"Iceland","  Icelandic Movement (IL)"
"Iceland_2009","Iceland","2009","A",3520002,"Iceland","  Social Democratic Alliance (Sam) - SEE POLITY NOTES"
"Iceland_2009","Iceland","2009","B",3520001,"Iceland","  Independence Party (Sj)"
"Iceland_2009","Iceland","2009","C",3520005,"Iceland","  Left-Green Movement (VG)"
"Iceland_2009","Iceland","2009","D",3520003,"Iceland","  Progressive Party (F)"
"Iceland_2009","Iceland","2009","E",3520009,"Iceland","  Civic Movement (B)"
"Iceland_2009","Iceland","2009","F",3520004,"Iceland","  Liberal Party (FF)"
"Iceland_2013","Iceland","2013","A",3520001,"Iceland","  Independence Party (Sj)"
"Iceland_2013","Iceland","2013","B",3520003,"Iceland","  Progressive Party (F)"
"Iceland_2013","Iceland","2013","C",3520002,"Iceland","  Social Democratic Alliance (Sam) - SEE POLITY NOTES"
"Iceland_2013","Iceland","2013","D",3520005,"Iceland","  Left-Green Movement (VG)"
"Iceland_2013","Iceland","2013","E",3520007,"Iceland","  Bright Future (BF)"
"Iceland_2013","Iceland","2013","F",3520008,"Iceland","  Pirate Party (Pi)"
"Iceland_2016","Iceland","2016","A",3520001,"Iceland","  Independence Party (Sj)"
"Iceland_2016","Iceland","2016","B",3520005,"Iceland","  Left-Green Movement (VG)"
"Iceland_2016","Iceland","2016","C",3520008,"Iceland","  Pirate Party (Pi)"
"Iceland_2016","Iceland","2016","D",3520003,"Iceland","  Progressive Party (F)"
"Iceland_2016","Iceland","2016","E",3520006,"Iceland","  Reform Party"
"Iceland_2016","Iceland","2016","F",3520007,"Iceland","  Bright Future (BF)"
"Iceland_2016","Iceland","2016","G",3520002,"Iceland","  Social Democratic Alliance (Sam) - SEE POLITY NOTES"
"Iceland_2016","Iceland","2016","H",3520010,"Iceland","  People's Party (FIF)"
"Iceland_2016","Iceland","2016","I",3520014,"Iceland","  Dawn - Organization of justice, fairness and democracy (Dawn)"
"Iceland_2017","Iceland","2017","A",3520001,"Iceland","  Independence Party (Sj)"
"Iceland_2017","Iceland","2017","B",3520005,"Iceland","  Left-Green Movement (VG)"
"Iceland_2017","Iceland","2017","C",3520002,"Iceland","  Social Democratic Alliance (Sam) - SEE POLITY NOTES"
"Iceland_2017","Iceland","2017","D",3520011,"Iceland","  Center Party (M)"
"Iceland_2017","Iceland","2017","E",3520003,"Iceland","  Progressive Party (F)"
"Iceland_2017","Iceland","2017","F",3520008,"Iceland","  Pirate Party (Pi)"
"Iceland_2017","Iceland","2017","G",3520010,"Iceland","  People's Party (FIF)"
"Iceland_2017","Iceland","2017","H",3520006,"Iceland","  Reform Party"
"Iceland_2017","Iceland","2017","I",3520007,"Iceland","  Bright Future (BF)"
"Israel_1996","Israel","1996","A",3760002,"Israel","  Israeli Labor Party (MHH)"
"Israel_1996","Israel","1996","B",3760001,"Israel","  Likud - The Consolidation (L)"
"Israel_1996","Israel","1996","C",3760003,"Israel","  Sfarad's Keepers of the Torah (Shas)"
"Israel_1996","Israel","1996","D",3760014,"Israel","  National Religious Party (Mafdal)"
"Israel_1996","Israel","1996","E",3760004,"Israel","  Energy (Meretz)"
"Israel_2003","Israel","2003","A",3760001,"Israel","  Likud - The Consolidation (L)"
"Israel_2003","Israel","2003","B",3760002,"Israel","  Israeli Labor Party (MHH)"
"Israel_2003","Israel","2003","C",3760015,"Israel","  Change (Shinui)"
"Israel_2003","Israel","2003","D",3760003,"Israel","  Sfarad's Keepers of the Torah (Shas)"
"Israel_2003","Israel","2003","E",3760049,"Israel","  National Union (HaLe) - SEE POLITY NOTES"
"Israel_2003","Israel","2003","F",3760004,"Israel","  Energy (Meretz)"
"Israel_2006","Israel","2006","A",3760016,"Israel","  Forward (Kadima)"
"Israel_2006","Israel","2006","B",3760002,"Israel","  Israeli Labor Party (MHH)"
"Israel_2006","Israel","2006","C",3760003,"Israel","  Sfarad's Keepers of the Torah (Shas)"
"Israel_2006","Israel","2006","D",3760001,"Israel","  Likud - The Consolidation (L)"
"Israel_2006","Israel","2006","E",3760021,"Israel","  Israel is Our Home (YB) "
"Israel_2006","Israel","2006","F",3760050,"Israel","  National Union - National Religious Party (HaLe – Mafdal)"
"Israel_2013","Israel","2013","A",3760011,"Israel","  Likud - The Consolidation (L) - Yisrael Beiteinu (L - YB) "
"Israel_2013","Israel","2013","B",3760007,"Israel","  There is a Future (YA)"
"Israel_2013","Israel","2013","C",3760002,"Israel","  Israeli Labor Party (MHH)"
"Israel_2013","Israel","2013","D",3760008,"Israel","  The Jewish Home (HH) - SEE POLITY NOTES"
"Israel_2013","Israel","2013","E",3760003,"Israel","  Sfarad's Keepers of the Torah (Shas)"
"Israel_2013","Israel","2013","F",3760006,"Israel","  United Torah Judaism (YH) - SEE POLITY NOTES"
"Israel_2013","Israel","2013","G",3760009,"Israel","  The Movement (Hat)"
"Israel_2013","Israel","2013","H",3760004,"Israel","  Energy (Meretz)"
"Israel_2013","Israel","2013","I",3760010,"Israel","  United Arab List (Ra'am)"
"Israel_2020","Israel","2020","A",3760001,"Israel","  Likud - The Consolidation (L)"
"Israel_2020","Israel","2020","B",3760103,"Israel","  Blue and White (KL) - SEE POLITY NOTES"
"Israel_2020","Israel","2020","C",3760104,"Israel","  Joint List - SEE POLITY NOTES"
"Israel_2020","Israel","2020","D",3760003,"Israel","  Sfarad's Keepers of the Torah (Shas)"
"Israel_2020","Israel","2020","E",3760006,"Israel","  United Torah Judaism (YH) - SEE POLITY NOTES"
"Israel_2020","Israel","2020","F",3760105,"Israel","  Labor-Gesher-Meretz (Emet) - SEE POLITY NOTES "
"Israel_2020","Israel","2020","G",3760021,"Israel","  Israel is Our Home (YB) "
"Israel_2020","Israel","2020","H",3760106,"Israel","  Yamina - SEE POLITY NOTES"
"Italy_2006","Italy","2006","A",3800002,"Italy","  Forward Italy (Forza Italia) (FI) - SEE POLITY NOTES"
"Italy_2006","Italy","2006","B",3800011,"Italy","  Democrats of the Left (DS) - SEE POLITY NOTES"
"Italy_2006","Italy","2006","C",3800022,"Italy","  National Alliance (AN) - SEE POLITY NOTES"
"Italy_2006","Italy","2006","D",3800021,"Italy","  Daisy - Democracy is Freedom (DL) - SEE POLITY NOTES"
"Italy_2006","Italy","2006","E",3800012,"Italy","  Union of Christian and Centre Democrats (UDC)"
"Italy_2006","Italy","2006","F",3800013,"Italy","  Communist Refoundation Party (PRC)"
"Italy_2018","Italy","2018","A",3800004,"Italy","  Five Star Movement (M5S)"
"Italy_2018","Italy","2018","B",3800001,"Italy","  Democratic Party (PD)"
"Italy_2018","Italy","2018","C",3800003,"Italy","  Northern League/League (LN) - SEE POLITY NOTES"
"Italy_2018","Italy","2018","D",3800002,"Italy","  Forward Italy (Forza Italia) (FI) - SEE POLITY NOTES"
"Italy_2018","Italy","2018","E",3800032,"Italy","  Brothers of Italy (FdI)"
"Italy_2018","Italy","2018","F",3800010,"Italy","  Free and Equal (LeU)"
"Japan_1996","Japan","1996","A",3920001,"Japan","  Liberal Democratic Party (LDP)"
"Japan_1996","Japan","1996","B",3920012,"Japan","  New Frontier Party (NFP)"
"Japan_1996","Japan","1996","C",3920002,"Japan","  Democratic Party of Japan (DPJ) - SEE POLITY NOTES"
"Japan_1996","Japan","1996","D",3920004,"Japan","  Japanese Communist Party (JCP)"
"Japan_1996","Japan","1996","E",3920006,"Japan","  Social Democratic Party (SDP)"
"Japan_1996","Japan","1996","F",3920013,"Japan","  New Party Harbinger (NPH)"
"Japan_2004","Japan","2004","A",3920002,"Japan","  Democratic Party of Japan (DPJ) - SEE POLITY NOTES"
"Japan_2004","Japan","2004","B",3920001,"Japan","  Liberal Democratic Party (LDP)"
"Japan_2004","Japan","2004","C",3920003,"Japan","  (New) Komeito (NK) - SEE POLITY NOTES"
"Japan_2004","Japan","2004","D",3920004,"Japan","  Japanese Communist Party (JCP)"
"Japan_2004","Japan","2004","E",3920006,"Japan","  Social Democratic Party (SDP)"
"Japan_2007","Japan","2007","A",3920002,"Japan","  Democratic Party of Japan (DPJ) - SEE POLITY NOTES"
"Japan_2007","Japan","2007","B",3920001,"Japan","  Liberal Democratic Party (LDP)"
"Japan_2007","Japan","2007","C",3920003,"Japan","  (New) Komeito (NK) - SEE POLITY NOTES"
"Japan_2007","Japan","2007","D",3920004,"Japan","  Japanese Communist Party (JCP)"
"Japan_2007","Japan","2007","E",3920006,"Japan","  Social Democratic Party (SDP)"
"Japan_2013","Japan","2013","A",3920001,"Japan","  Liberal Democratic Party (LDP)"
"Japan_2013","Japan","2013","B",3920002,"Japan","  Democratic Party of Japan (DPJ) - SEE POLITY NOTES"
"Japan_2013","Japan","2013","C",3920004,"Japan","  Japanese Communist Party (JCP)"
"Japan_2013","Japan","2013","D",3920010,"Japan","  Your Party (YP)"
"Japan_2013","Japan","2013","E",3920007,"Japan","  Japan Restoration Party (JReP)"
"Japan_2013","Japan","2013","F",3920003,"Japan","  (New) Komeito (NK) - SEE POLITY NOTES"
"Japan_2013","Japan","2013","G",3920011,"Japan","  People's Life Party (PLP) / Liberal Party - SEE POLITY NOTES"
"Japan_2013","Japan","2013","H",3920006,"Japan","  Social Democratic Party (SDP)"
"Japan_2013","Japan","2013","I",3920005,"Japan","  Green Wind"
"Japan_2017","Japan","2017","A",3920001,"Japan","  Liberal Democratic Party (LDP)"
"Japan_2017","Japan","2017","B",3920008,"Japan","  Constitutional Democratic Party of Japan (CDP) - SEE POLITY NOTES"
"Japan_2017","Japan","2017","C",3920022,"Japan","  Party of Hope"
"Japan_2017","Japan","2017","D",3920003,"Japan","  (New) Komeito (NK) - SEE POLITY NOTES"
"Japan_2017","Japan","2017","E",3920004,"Japan","  Japanese Communist Party (JCP)"
"Japan_2017","Japan","2017","F",3920009,"Japan","  Japan Innovation Party - SEE POLITY NOTES"
"Japan_2017","Japan","2017","G",3920006,"Japan","  Social Democratic Party (SDP)"
"Kenya_2013","Kenya","2013","A",4040100,"Kenya","  The National Alliance (TNA)"
"Kenya_2013","Kenya","2013","B",4040002,"Kenya","  Orange Democratic Movement (ODM)"
"Kenya_2013","Kenya","2013","C",4040101,"Kenya","  United Republican Party (URP)"
"Kenya_2013","Kenya","2013","D",4040003,"Kenya","  Wiper Democratic Movement (WDM - K)"
"Kenya_2013","Kenya","2013","E",4040102,"Kenya","  United Democratic Front (Forum) (UDFP)"
"Kenya_2013","Kenya","2013","F",4040004,"Kenya","  Forum for Restoration of Democracy (FORD - KENYA)"
"Kenya_2013","Kenya","2013","G",4040010,"Kenya","  National Rainbow Coalition (NARC - K)"
"Kenya_2013","Kenya","2013","H",4040103,"Kenya","  Alliance Party of Kenya (APK)"
"Kenya_2013","Kenya","2013","I",4040005,"Kenya","  Kenya African National Union (KANU)"
"Kyrgyzstan_2005","Kyrgyzstan","2005","A",4170001,"Kyrgyzstan","  Ar Namys"
"Kyrgyzstan_2005","Kyrgyzstan","2005","B",4170003,"Kyrgyzstan","  Communist Party of Masaliev"
"Kyrgyzstan_2005","Kyrgyzstan","2005","C",4170004,"Kyrgyzstan","  Socialist Party"
"Kyrgyzstan_2005","Kyrgyzstan","2005","D",4170005,"Kyrgyzstan","  Alga Kyrgyzstan"
"Kyrgyzstan_2005","Kyrgyzstan","2005","E",4170006,"Kyrgyzstan","  Asaba (Republic National Party)"
"Kyrgyzstan_2005","Kyrgyzstan","2005","F",4170008,"Kyrgyzstan","  New Kyrgyzstan"
"Kyrgyzstan_2005","Kyrgyzstan","2005","G",4170007,"Kyrgyzstan","  Free Kyrgyzstan"
"Kyrgyzstan_2005","Kyrgyzstan","2005","H",4170012,"Kyrgyzstan","  Communist Party of Kyrgyzstan"
"Republic of Korea_2000","Republic of Korea","2000","A",4100001,"Republic of Korea","  New Frontier Party (NFP) - SEE POLITY NOTES"
"Republic of Korea_2000","Republic of Korea","2000","B",4100010,"Republic of Korea","  Millennium Democratic Party (MDP)"
"Republic of Korea_2000","Republic of Korea","2000","C",4100011,"Republic of Korea","  United Liberal Democrats (ULD)"
"Republic of Korea_2000","Republic of Korea","2000","D",4100012,"Republic of Korea","  Democratic People's Party"
"Republic of Korea_2000","Republic of Korea","2000","E",4100006,"Republic of Korea","  Democratic Liberal Party - SEE ELECTION STUDY NOTES"
"Republic of Korea_2000","Republic of Korea","2000","F",4100023,"Republic of Korea","  New Korean Party of the Hope (NKPH)"
"Republic of Korea_2004","Republic of Korea","2004","A",4100021,"Republic of Korea","  Our Party"
"Republic of Korea_2004","Republic of Korea","2004","B",4100001,"Republic of Korea","  New Frontier Party (NFP) - SEE POLITY NOTES"
"Republic of Korea_2004","Republic of Korea","2004","C",4100015,"Republic of Korea","  Democratic Labor Party (DLP)"
"Republic of Korea_2004","Republic of Korea","2004","D",4100010,"Republic of Korea","  Millennium Democratic Party (MDP)"
"Republic of Korea_2004","Republic of Korea","2004","E",4100011,"Republic of Korea","  United Liberal Democrats (ULD)"
"Republic of Korea_2004","Republic of Korea","2004","F",4100020,"Republic of Korea","  National Integration 21"
"Republic of Korea_2008","Republic of Korea","2008","A",4100001,"Republic of Korea","  New Frontier Party (NFP) - SEE POLITY NOTES"
"Republic of Korea_2008","Republic of Korea","2008","B",4100004,"Republic of Korea","  Democratic United Party (DUP)"
"Republic of Korea_2008","Republic of Korea","2008","C",4100002,"Republic of Korea","  Liberty Forward Party (LFP)"
"Republic of Korea_2008","Republic of Korea","2008","D",4100007,"Republic of Korea","  Pro-Park Geun-hye Alliance"
"Republic of Korea_2008","Republic of Korea","2008","E",4100015,"Republic of Korea","  Democratic Labor Party (DLP)"
"Republic of Korea_2008","Republic of Korea","2008","F",4100017,"Republic of Korea","  Renewal of Korea Party"
"Republic of Korea_2008","Republic of Korea","2008","G",4100003,"Republic of Korea","  New Progressive Party (NPP)"
"Republic of Korea_2012","Republic of Korea","2012","A",4100001,"Republic of Korea","  New Frontier Party (NFP) - SEE POLITY NOTES"
"Republic of Korea_2012","Republic of Korea","2012","B",4100004,"Republic of Korea","  Democratic United Party (DUP)"
"Republic of Korea_2012","Republic of Korea","2012","C",4100005,"Republic of Korea","  Unified Progressive Party (UPP) - SEE POLITY NOTES"
"Republic of Korea_2012","Republic of Korea","2012","D",4100002,"Republic of Korea","  Liberty Forward Party (LFP)"
"Republic of Korea_2012","Republic of Korea","2012","E",4100022,"Republic of Korea","  Christian Party"
"Republic of Korea_2012","Republic of Korea","2012","F",4100003,"Republic of Korea","  New Progressive Party (NPP)"
"Republic of Korea_2016","Republic of Korea","2016","A",4100001,"Republic of Korea","  New Frontier Party (NFP) - SEE POLITY NOTES"
"Republic of Korea_2016","Republic of Korea","2016","B",4100008,"Republic of Korea","  Democratic Party of Korea (DP)"
"Republic of Korea_2016","Republic of Korea","2016","C",4100014,"Republic of Korea","  People's Party (PP)"
"Republic of Korea_2016","Republic of Korea","2016","D",4100009,"Republic of Korea","  Justice Party (JP)"
"Lithuania_1997","Lithuania","1997","A",4400101,"Lithuania","  A Paulauskas (Independent) "
"Lithuania_1997","Lithuania","1997","B",4400102,"Lithuania","  V  Adamkus (Independent)"
"Lithuania_1997","Lithuania","1997","C",4400001,"Lithuania","  Homeland Union-Conservatives / Lithuanian Christian Democrats"
"Lithuania_1997","Lithuania","1997","D",4400003,"Lithuania","  Social Democratic Party (LSDP)"
"Lithuania_1997","Lithuania","1997","E",4400002,"Lithuania","  Christian Democratic Party "
"Lithuania_1997","Lithuania","1997","G",4400006,"Lithuania","  Center Union (LCS)"
"Lithuania_1997","Lithuania","1997","H",4400005,"Lithuania","  Democratic Labor Party (LDDP)"
"Lithuania_1997","Lithuania","1997","I",4400007,"Lithuania","  Nationalist Party - ""Young Lithuania"" (JL)"
"Lithuania_2016","Lithuania","2016","A",4400001,"Lithuania","  Homeland Union-Conservatives / Lithuanian Christian Democrats"
"Lithuania_2016","Lithuania","2016","B",4400008,"Lithuania","  Lithuanian Farmers and Greens Union (LVZS)"
"Lithuania_2016","Lithuania","2016","C",4400003,"Lithuania","  Social Democratic Party (LSDP)"
"Lithuania_2016","Lithuania","2016","D",4400009,"Lithuania","  Liberal Movement of the Republic of Lithuania (LRLS)"
"Lithuania_2016","Lithuania","2016","E",4400200,"Lithuania","  Anti-Corruption Coalition (LCP-LPP) - SEE POLITY NOTES"
"Lithuania_2016","Lithuania","2016","F",4400013,"Lithuania","  (Lithuanian) Poles Election Action - Christian Families Alliance "
"Lithuania_2016","Lithuania","2016","G",4400025,"Lithuania","  Party Order and Justice (PTT)"
"Lithuania_2016","Lithuania","2016","H",4400010,"Lithuania","  Labor Party (DP)"
"Lithuania_2020","Lithuania","2020","A",4400001,"Lithuania","  Homeland Union-Conservatives / Lithuanian Christian Democrats"
"Lithuania_2020","Lithuania","2020","B",4400008,"Lithuania","  Lithuanian Farmers and Greens Union (LVZS)"
"Lithuania_2020","Lithuania","2020","C",4400010,"Lithuania","  Labor Party (DP)"
"Lithuania_2020","Lithuania","2020","D",4400003,"Lithuania","  Social Democratic Party (LSDP)"
"Lithuania_2020","Lithuania","2020","E",4400022,"Lithuania","  Freedom Party (LP)"
"Lithuania_2020","Lithuania","2020","F",4400009,"Lithuania","  Liberal Movement of the Republic of Lithuania (LRLS)"
"Lithuania_2020","Lithuania","2020","G",4400013,"Lithuania","  (Lithuanian) Poles Election Action - Christian Families Alliance "
"Lithuania_2020","Lithuania","2020","H",4400023,"Lithuania","  Lithuanian Social Democratic Labor Party (LSDDP)"
"Lithuania_2020","Lithuania","2020","I",4400024,"Lithuania","  Center Party - Nationalists (CPT) - SEE POLITY NOTES"
"Latvia_2010","Latvia","2010","A",4280002,"Latvia","  Unity (V)"
"Latvia_2010","Latvia","2010","B",4280001,"Latvia","  Harmony Centre (SC) / Social Democratic Party ""Harmony"" (S) - "
"Latvia_2010","Latvia","2010","C",4280005,"Latvia","  Union of Greens and Farmers (ZZS) - SEE POLITY NOTES"
"Latvia_2010","Latvia","2010","D",4280003,"Latvia","  National Union All for Latvia For Fatherland and Freedom (LNNK)"
"Latvia_2010","Latvia","2010","E",4280004,"Latvia","  For a Good Latvia (PLL) - SEE POLITY NOTES"
"Latvia_2010","Latvia","2010","F",4280006,"Latvia","  For Human Rights in United Latvia (PCTVL)"
"Latvia_2011","Latvia","2011","A",4280001,"Latvia","  Harmony Centre (SC) / Social Democratic Party ""Harmony"" (S) - "
"Latvia_2011","Latvia","2011","B",4280007,"Latvia","  Reform Party (RP) - SEE POLITY NOTES"
"Latvia_2011","Latvia","2011","C",4280002,"Latvia","  Unity (V)"
"Latvia_2011","Latvia","2011","D",4280003,"Latvia","  National Union All for Latvia For Fatherland and Freedom (LNNK)"
"Latvia_2011","Latvia","2011","E",4280005,"Latvia","  Union of Greens and Farmers (ZZS) - SEE POLITY NOTES"
"Latvia_2011","Latvia","2011","F",4280036,"Latvia","  Latvia's First Party/Latvian Way (LPP/LC) - SEE POLITY NOTES"
"Latvia_2011","Latvia","2011","G",4280006,"Latvia","  For Human Rights in United Latvia (PCTVL)"
"Latvia_2014","Latvia","2014","A",4280001,"Latvia","  Harmony Centre (SC) / Social Democratic Party ""Harmony"" (S) - "
"Latvia_2014","Latvia","2014","B",4280002,"Latvia","  Unity (V)"
"Latvia_2014","Latvia","2014","C",4280005,"Latvia","  Union of Greens and Farmers (ZZS) - SEE POLITY NOTES"
"Latvia_2014","Latvia","2014","D",4280003,"Latvia","  National Union All for Latvia For Fatherland and Freedom (LNNK)"
"Latvia_2014","Latvia","2014","E",4280013,"Latvia","  For Latvia from the Heart (NsL) / Awakening - SEE POLITY NOTES"
"Latvia_2014","Latvia","2014","F",4280014,"Latvia","  Latvian Association of the Regions (LRa)"
"Latvia_2018","Latvia","2018","A",4280001,"Latvia","  Harmony Centre (SC) / Social Democratic Party ""Harmony"" (S) - "
"Latvia_2018","Latvia","2018","B",4280012,"Latvia","  Who Owns the State? (KPV LV)"
"Latvia_2018","Latvia","2018","C",4280042,"Latvia","  New Conservative Party (JKP)"
"Latvia_2018","Latvia","2018","D",4280100,"Latvia","  Development/For! (AP!) - SEE POLITY NOTES"
"Latvia_2018","Latvia","2018","E",4280003,"Latvia","  National Union All for Latvia For Fatherland and Freedom (LNNK)"
"Latvia_2018","Latvia","2018","F",4280005,"Latvia","  Union of Greens and Farmers (ZZS) - SEE POLITY NOTES"
"Latvia_2018","Latvia","2018","G",4280101,"Latvia","  The New Unity (JV) - SEE POLITY NOTES"
"Latvia_2018","Latvia","2018","H",4280039,"Latvia","  Latvian Russian Union (LKS) - SEE POLITY NOTES"
"Latvia_2018","Latvia","2018","I",4280011,"Latvia","  The Progressives"
"Mexico_1997","Mexico","1997","A",4840001,"Mexico","  Institutional Revolutionary Party (PRI)"
"Mexico_1997","Mexico","1997","B",4840002,"Mexico","  National Action Party (PAN)"
"Mexico_1997","Mexico","1997","C",4840003,"Mexico","  Democratic Revolution Party (PRD)"
"Mexico_1997","Mexico","1997","D",4840005,"Mexico","  Ecological Green Party of Mexico (PVEM)"
"Mexico_1997","Mexico","1997","E",4840004,"Mexico","  Labor Party (PT)"
"Mexico_1997","Mexico","1997","F",4840016,"Mexico","  Cardenista Party (PFCRN)"
"Mexico_2000","Mexico","2000","A",4840022,"Mexico","  Alliance for Change - SEE POLITY NOTES"
"Mexico_2000","Mexico","2000","B",4840001,"Mexico","  Institutional Revolutionary Party (PRI)"
"Mexico_2000","Mexico","2000","C",4840023,"Mexico","  Alliance for Mexico - SEE POLITY NOTES"
"Mexico_2000","Mexico","2000","D",4840004,"Mexico","  Labor Party (PT)"
"Mexico_2000","Mexico","2000","E",4840005,"Mexico","  Ecological Green Party of Mexico (PVEM)"
"Mexico_2000","Mexico","2000","F",4840013,"Mexico","  Authentic Party of the Mexican Revolution (PARM)"
"Mexico_2003","Mexico","2003","A",4840002,"Mexico","  National Action Party (PAN)"
"Mexico_2003","Mexico","2003","B",4840001,"Mexico","  Institutional Revolutionary Party (PRI)"
"Mexico_2003","Mexico","2003","C",4840003,"Mexico","  Democratic Revolution Party (PRD)"
"Mexico_2003","Mexico","2003","D",4840005,"Mexico","  Ecological Green Party of Mexico (PVEM)"
"Mexico_2003","Mexico","2003","E",4840004,"Mexico","  Labor Party (PT)"
"Mexico_2003","Mexico","2003","F",4840007,"Mexico","  Citizen's Movement (MC) - SEE POLITY NOTES"
"Mexico_2003","Mexico","2003","G",4840011,"Mexico","  Possible Mexico"
"Mexico_2003","Mexico","2003","H",4840014,"Mexico","  Social Alliance Party (PAS)"
"Mexico_2003","Mexico","2003","I",4840026,"Mexico","  Mexican Liberal Party (PLM)"
"Mexico_2006","Mexico","2006","A",4840002,"Mexico","  National Action Party (PAN)"
"Mexico_2006","Mexico","2006","B",4840003,"Mexico","  Democratic Revolution Party (PRD)"
"Mexico_2006","Mexico","2006","C",4840001,"Mexico","  Institutional Revolutionary Party (PRI)"
"Mexico_2006","Mexico","2006","D",4840005,"Mexico","  Ecological Green Party of Mexico (PVEM)"
"Mexico_2006","Mexico","2006","E",4840004,"Mexico","  Labor Party (PT)"
"Mexico_2006","Mexico","2006","F",4840007,"Mexico","  Citizen's Movement (MC) - SEE POLITY NOTES"
"Mexico_2006","Mexico","2006","G",4840006,"Mexico","  New Alliance Party (PANAL or: PNA)"
"Mexico_2006","Mexico","2006","H",4840008,"Mexico","  Social Democratic Party (PSD) - SEE POLITY NOTES"
"Mexico_2009","Mexico","2009","A",4840001,"Mexico","  Institutional Revolutionary Party (PRI)"
"Mexico_2009","Mexico","2009","B",4840002,"Mexico","  National Action Party (PAN)"
"Mexico_2009","Mexico","2009","C",4840003,"Mexico","  Democratic Revolution Party (PRD)"
"Mexico_2009","Mexico","2009","D",4840005,"Mexico","  Ecological Green Party of Mexico (PVEM)"
"Mexico_2009","Mexico","2009","E",4840004,"Mexico","  Labor Party (PT)"
"Mexico_2009","Mexico","2009","F",4840006,"Mexico","  New Alliance Party (PANAL or: PNA)"
"Mexico_2009","Mexico","2009","G",4840007,"Mexico","  Citizen's Movement (MC) - SEE POLITY NOTES"
"Mexico_2009","Mexico","2009","H",4840008,"Mexico","  Social Democratic Party (PSD) - SEE POLITY NOTES"
"Mexico_2012","Mexico","2012","A",4840001,"Mexico","  Institutional Revolutionary Party (PRI)"
"Mexico_2012","Mexico","2012","B",4840002,"Mexico","  National Action Party (PAN)"
"Mexico_2012","Mexico","2012","C",4840003,"Mexico","  Democratic Revolution Party (PRD)"
"Mexico_2012","Mexico","2012","D",4840005,"Mexico","  Ecological Green Party of Mexico (PVEM)"
"Mexico_2012","Mexico","2012","E",4840004,"Mexico","  Labor Party (PT)"
"Mexico_2012","Mexico","2012","F",4840006,"Mexico","  New Alliance Party (PANAL or: PNA)"
"Mexico_2012","Mexico","2012","G",4840007,"Mexico","  Citizen's Movement (MC) - SEE POLITY NOTES"
"Mexico_2015","Mexico","2015","A",4840001,"Mexico","  Institutional Revolutionary Party (PRI)"
"Mexico_2015","Mexico","2015","B",4840002,"Mexico","  National Action Party (PAN)"
"Mexico_2015","Mexico","2015","C",4840003,"Mexico","  Democratic Revolution Party (PRD)"
"Mexico_2015","Mexico","2015","D",4840010,"Mexico","  National Regeneration Movement (MORENA)"
"Mexico_2015","Mexico","2015","E",4840005,"Mexico","  Ecological Green Party of Mexico (PVEM)"
"Mexico_2015","Mexico","2015","F",4840007,"Mexico","  Citizen's Movement (MC) - SEE POLITY NOTES"
"Mexico_2015","Mexico","2015","G",4840006,"Mexico","  New Alliance Party (PANAL or: PNA)"
"Mexico_2015","Mexico","2015","H",4840012,"Mexico","  Social Encounter Party (PES)"
"Mexico_2015","Mexico","2015","I",4840004,"Mexico","  Labor Party (PT)"
"Mexico_2018","Mexico","2018","A",4840010,"Mexico","  National Regeneration Movement (MORENA)"
"Mexico_2018","Mexico","2018","B",4840002,"Mexico","  National Action Party (PAN)"
"Mexico_2018","Mexico","2018","C",4840001,"Mexico","  Institutional Revolutionary Party (PRI)"
"Mexico_2018","Mexico","2018","D",4840003,"Mexico","  Democratic Revolution Party (PRD)"
"Mexico_2018","Mexico","2018","E",4840005,"Mexico","  Ecological Green Party of Mexico (PVEM)"
"Mexico_2018","Mexico","2018","F",4840007,"Mexico","  Citizen's Movement (MC) - SEE POLITY NOTES"
"Mexico_2018","Mexico","2018","G",4840004,"Mexico","  Labor Party (PT)"
"Mexico_2018","Mexico","2018","H",4840006,"Mexico","  New Alliance Party (PANAL or: PNA)"
"Mexico_2018","Mexico","2018","I",4840012,"Mexico","  Social Encounter Party (PES)"
"Montenegro_2012","Montenegro","2012","A",4990011,"Montenegro","  Coalition ""For a European Montenegro"" - SEE POLITY NOTES"
"Montenegro_2012","Montenegro","2012","B",4990012,"Montenegro","  Democratic Front (DF) - SEE POLITY NOTES"
"Montenegro_2012","Montenegro","2012","C",4990003,"Montenegro","  Socialist People's Party (SNP)"
"Montenegro_2012","Montenegro","2012","D",4990006,"Montenegro","  Positive Montenegro (PCG)"
"Montenegro_2012","Montenegro","2012","E",4990009,"Montenegro","  Bosniak Party (BS)"
"Montenegro_2012","Montenegro","2012","F",4990037,"Montenegro","  Serbian Unity (SS)"
"Montenegro_2012","Montenegro","2012","G",4990039,"Montenegro","  Force for Unity (FZJ - FPB)"
"Montenegro_2012","Montenegro","2012","H",4990032,"Montenegro","  Albanian Coalition (AK) - SEE POLITY NOTES"
"Montenegro_2012","Montenegro","2012","I",4990007,"Montenegro","  Croatian Civic Initiative (HGI)"
"Montenegro_2016","Montenegro","2016","A",4990001,"Montenegro","  Democratic Party of Socialists (DPS)"
"Montenegro_2016","Montenegro","2016","B",4990012,"Montenegro","  Democratic Front (DF) - SEE POLITY NOTES"
"Montenegro_2016","Montenegro","2016","C",4990100,"Montenegro","  Key Coalition (DEMOS, SNP, URA) - SEE POLITY NOTES"
"Montenegro_2016","Montenegro","2016","D",4990013,"Montenegro","  Democratic Montenegro (DCG)"
"Montenegro_2016","Montenegro","2016","E",4990004,"Montenegro","  Social Democratic Party (SDP)"
"Montenegro_2016","Montenegro","2016","F",4990010,"Montenegro","  Social Democrats of Montenegro (SD)"
"Montenegro_2016","Montenegro","2016","G",4990009,"Montenegro","  Bosniak Party (BS)"
"Montenegro_2016","Montenegro","2016","H",4990101,"Montenegro","  Albanians Decisively (FORCA-DUA-AA) - SEE POLITY NOTES"
"Montenegro_2016","Montenegro","2016","I",4990007,"Montenegro","  Croatian Civic Initiative (HGI)"
"Netherlands_1998","Netherlands","1998","A",5280002,"Netherlands","  Labor Party (PvdA)"
"Netherlands_1998","Netherlands","1998","B",5280003,"Netherlands","  People's Party for Freedom and Democracy (VVD)"
"Netherlands_1998","Netherlands","1998","C",5280001,"Netherlands","  Christian Democratic Appeal (CDA)"
"Netherlands_1998","Netherlands","1998","D",5280004,"Netherlands","  Democrats 66 (D66)"
"Netherlands_1998","Netherlands","1998","E",5280005,"Netherlands","  Green Left (GL) - SEE POLITY NOTES"
"Netherlands_1998","Netherlands","1998","F",5280006,"Netherlands","  Socialist Party (SP)"
"Netherlands_1998","Netherlands","1998","G",5280026,"Netherlands","  Reformed Political Alliance (GPV)"
"Netherlands_2002","Netherlands","2002","A",5280001,"Netherlands","  Christian Democratic Appeal (CDA)"
"Netherlands_2002","Netherlands","2002","B",5280014,"Netherlands","  List Pim Fortuyn (LPF)"
"Netherlands_2002","Netherlands","2002","C",5280003,"Netherlands","  People's Party for Freedom and Democracy (VVD)"
"Netherlands_2002","Netherlands","2002","D",5280002,"Netherlands","  Labor Party (PvdA)"
"Netherlands_2002","Netherlands","2002","E",5280005,"Netherlands","  Green Left (GL) - SEE POLITY NOTES"
"Netherlands_2002","Netherlands","2002","F",5280006,"Netherlands","  Socialist Party (SP)"
"Netherlands_2002","Netherlands","2002","G",5280004,"Netherlands","  Democrats 66 (D66)"
"Netherlands_2002","Netherlands","2002","H",5280008,"Netherlands","  Christian Union (CU) - SEE POLITY NOTES"
"Netherlands_2002","Netherlands","2002","I",5280007,"Netherlands","  Reformed Political Party (SGP)"
"Netherlands_2006","Netherlands","2006","A",5280001,"Netherlands","  Christian Democratic Appeal (CDA)"
"Netherlands_2006","Netherlands","2006","B",5280002,"Netherlands","  Labor Party (PvdA)"
"Netherlands_2006","Netherlands","2006","C",5280006,"Netherlands","  Socialist Party (SP)"
"Netherlands_2006","Netherlands","2006","D",5280003,"Netherlands","  People's Party for Freedom and Democracy (VVD)"
"Netherlands_2006","Netherlands","2006","E",5280009,"Netherlands","  Party for Freedom (PVV)"
"Netherlands_2006","Netherlands","2006","F",5280005,"Netherlands","  Green Left (GL) - SEE POLITY NOTES"
"Netherlands_2006","Netherlands","2006","G",5280008,"Netherlands","  Christian Union (CU) - SEE POLITY NOTES"
"Netherlands_2006","Netherlands","2006","H",5280004,"Netherlands","  Democrats 66 (D66)"
"Netherlands_2006","Netherlands","2006","I",5280007,"Netherlands","  Reformed Political Party (SGP)"
"Netherlands_2010","Netherlands","2010","A",5280003,"Netherlands","  People's Party for Freedom and Democracy (VVD)"
"Netherlands_2010","Netherlands","2010","B",5280002,"Netherlands","  Labor Party (PvdA)"
"Netherlands_2010","Netherlands","2010","C",5280009,"Netherlands","  Party for Freedom (PVV)"
"Netherlands_2010","Netherlands","2010","D",5280001,"Netherlands","  Christian Democratic Appeal (CDA)"
"Netherlands_2010","Netherlands","2010","E",5280006,"Netherlands","  Socialist Party (SP)"
"Netherlands_2010","Netherlands","2010","F",5280004,"Netherlands","  Democrats 66 (D66)"
"Netherlands_2010","Netherlands","2010","G",5280005,"Netherlands","  Green Left (GL) - SEE POLITY NOTES"
"Netherlands_2010","Netherlands","2010","H",5280008,"Netherlands","  Christian Union (CU) - SEE POLITY NOTES"
"Netherlands_2010","Netherlands","2010","I",5280007,"Netherlands","  Reformed Political Party (SGP)"
"Netherlands_2017","Netherlands","2017","A",5280003,"Netherlands","  People's Party for Freedom and Democracy (VVD)"
"Netherlands_2017","Netherlands","2017","B",5280009,"Netherlands","  Party for Freedom (PVV)"
"Netherlands_2017","Netherlands","2017","C",5280001,"Netherlands","  Christian Democratic Appeal (CDA)"
"Netherlands_2017","Netherlands","2017","D",5280004,"Netherlands","  Democrats 66 (D66)"
"Netherlands_2017","Netherlands","2017","E",5280005,"Netherlands","  Green Left (GL) - SEE POLITY NOTES"
"Netherlands_2017","Netherlands","2017","F",5280006,"Netherlands","  Socialist Party (SP)"
"Netherlands_2017","Netherlands","2017","G",5280002,"Netherlands","  Labor Party (PvdA)"
"Netherlands_2017","Netherlands","2017","H",5280008,"Netherlands","  Christian Union (CU) - SEE POLITY NOTES"
"Netherlands_2017","Netherlands","2017","I",5280013,"Netherlands","  Party for the Animals (PvdD)"
"Netherlands_2021","Netherlands","2021","A",5280003,"Netherlands","  People's Party for Freedom and Democracy (VVD)"
"Netherlands_2021","Netherlands","2021","B",5280004,"Netherlands","  Democrats 66 (D66)"
"Netherlands_2021","Netherlands","2021","C",5280009,"Netherlands","  Party for Freedom (PVV)"
"Netherlands_2021","Netherlands","2021","D",5280001,"Netherlands","  Christian Democratic Appeal (CDA)"
"Netherlands_2021","Netherlands","2021","E",5280006,"Netherlands","  Socialist Party (SP)"
"Netherlands_2021","Netherlands","2021","F",5280002,"Netherlands","  Labor Party (PvdA)"
"Netherlands_2021","Netherlands","2021","G",5280005,"Netherlands","  Green Left (GL) - SEE POLITY NOTES"
"Netherlands_2021","Netherlands","2021","H",5280050,"Netherlands","  Forum for Democracy (FvD)"
"Netherlands_2021","Netherlands","2021","I",5280008,"Netherlands","  Christian Union (CU) - SEE POLITY NOTES"
"Norway_1997","Norway","1997","A",5780001,"Norway","  Labor Party (Ap) - SEE POLITY NOTES"
"Norway_1997","Norway","1997","B",5780003,"Norway","  Progress Party (FrP)"
"Norway_1997","Norway","1997","C",5780002,"Norway","  Conservative Party (H)"
"Norway_1997","Norway","1997","D",5780007,"Norway","  Christian People's Party (KrF) - SEE POLITY NOTES"
"Norway_1997","Norway","1997","E",5780006,"Norway","  Center Party (Sp)"
"Norway_1997","Norway","1997","F",5780004,"Norway","  Socialist Left Party (SV)"
"Norway_2001","Norway","2001","A",5780001,"Norway","  Labor Party (Ap) - SEE POLITY NOTES"
"Norway_2001","Norway","2001","B",5780002,"Norway","  Conservative Party (H)"
"Norway_2001","Norway","2001","C",5780003,"Norway","  Progress Party (FrP)"
"Norway_2001","Norway","2001","D",5780004,"Norway","  Socialist Left Party (SV)"
"Norway_2001","Norway","2001","E",5780007,"Norway","  Christian People's Party (KrF) - SEE POLITY NOTES"
"Norway_2001","Norway","2001","F",5780006,"Norway","  Center Party (Sp)"
"Norway_2001","Norway","2001","G",5780008,"Norway","  Liberal Party (V)"
"Norway_2005","Norway","2005","A",5780001,"Norway","  Labor Party (Ap) - SEE POLITY NOTES"
"Norway_2005","Norway","2005","B",5780003,"Norway","  Progress Party (FrP)"
"Norway_2005","Norway","2005","C",5780002,"Norway","  Conservative Party (H)"
"Norway_2005","Norway","2005","D",5780004,"Norway","  Socialist Left Party (SV)"
"Norway_2005","Norway","2005","E",5780007,"Norway","  Christian People's Party (KrF) - SEE POLITY NOTES"
"Norway_2005","Norway","2005","F",5780006,"Norway","  Center Party (Sp)"
"Norway_2005","Norway","2005","G",5780008,"Norway","  Liberal Party (V)"
"Norway_2005","Norway","2005","H",5780010,"Norway","  Red Electoral Alliance (RV)"
"Norway_2009","Norway","2009","A",5780001,"Norway","  Labor Party (Ap) - SEE POLITY NOTES"
"Norway_2009","Norway","2009","B",5780003,"Norway","  Progress Party (FrP)"
"Norway_2009","Norway","2009","C",5780002,"Norway","  Conservative Party (H)"
"Norway_2009","Norway","2009","D",5780004,"Norway","  Socialist Left Party (SV)"
"Norway_2009","Norway","2009","E",5780006,"Norway","  Center Party (Sp)"
"Norway_2009","Norway","2009","F",5780007,"Norway","  Christian People's Party (KrF) - SEE POLITY NOTES"
"Norway_2009","Norway","2009","G",5780008,"Norway","  Liberal Party (V)"
"Norway_2009","Norway","2009","H",5780009,"Norway","  Red Party (R) - SEE POLITY NOTES"
"Norway_2013","Norway","2013","A",5780001,"Norway","  Labor Party (Ap) - SEE POLITY NOTES"
"Norway_2013","Norway","2013","B",5780002,"Norway","  Conservative Party (H)"
"Norway_2013","Norway","2013","C",5780003,"Norway","  Progress Party (FrP)"
"Norway_2013","Norway","2013","D",5780007,"Norway","  Christian People's Party (KrF) - SEE POLITY NOTES"
"Norway_2013","Norway","2013","E",5780006,"Norway","  Center Party (Sp)"
"Norway_2013","Norway","2013","F",5780008,"Norway","  Liberal Party (V)"
"Norway_2013","Norway","2013","G",5780004,"Norway","  Socialist Left Party (SV)"
"Norway_2013","Norway","2013","H",5780005,"Norway","  The Greens (MDG)"
"Norway_2013","Norway","2013","I",5780009,"Norway","  Red Party (R) - SEE POLITY NOTES"
"Norway_2017","Norway","2017","A",5780001,"Norway","  Labor Party (Ap) - SEE POLITY NOTES"
"Norway_2017","Norway","2017","B",5780002,"Norway","  Conservative Party (H)"
"Norway_2017","Norway","2017","C",5780003,"Norway","  Progress Party (FrP)"
"Norway_2017","Norway","2017","D",5780006,"Norway","  Center Party (Sp)"
"Norway_2017","Norway","2017","E",5780004,"Norway","  Socialist Left Party (SV)"
"Norway_2017","Norway","2017","F",5780008,"Norway","  Liberal Party (V)"
"Norway_2017","Norway","2017","G",5780007,"Norway","  Christian People's Party (KrF) - SEE POLITY NOTES"
"Norway_2017","Norway","2017","H",5780005,"Norway","  The Greens (MDG)"
"Norway_2017","Norway","2017","I",5780009,"Norway","  Red Party (R) - SEE POLITY NOTES"
"New Zealand_1996","New Zealand","1996","A",5540001,"New Zealand","  National Party (NP)"
"New Zealand_1996","New Zealand","1996","B",5540002,"New Zealand","  Labor Party (Lab)"
"New Zealand_1996","New Zealand","1996","C",5540003,"New Zealand","  New Zealand First (NZF)"
"New Zealand_1996","New Zealand","1996","D",5540009,"New Zealand","  Alliance (ALL)"
"New Zealand_1996","New Zealand","1996","E",5540004,"New Zealand","  Act New Zealand (ACT)"
"New Zealand_1996","New Zealand","1996","F",5540037,"New Zealand","  Christian Coalition"
"New Zealand_2002","New Zealand","2002","A",5540002,"New Zealand","  Labor Party (Lab)"
"New Zealand_2002","New Zealand","2002","B",5540001,"New Zealand","  National Party (NP)"
"New Zealand_2002","New Zealand","2002","C",5540003,"New Zealand","  New Zealand First (NZF)"
"New Zealand_2002","New Zealand","2002","D",5540004,"New Zealand","  Act New Zealand (ACT)"
"New Zealand_2002","New Zealand","2002","E",5540005,"New Zealand","  Green Party (GP)"
"New Zealand_2002","New Zealand","2002","F",5540006,"New Zealand","  United Future New Zealand (UFNZ) - SEE POLITY NOTES"
"New Zealand_2002","New Zealand","2002","G",5540012,"New Zealand","  Jim Anderton's Progressive Party (PP) - SEE POLITY NOTES"
"New Zealand_2002","New Zealand","2002","H",5540009,"New Zealand","  Alliance (ALL)"
"New Zealand_2008","New Zealand","2008","A",5540001,"New Zealand","  National Party (NP)"
"New Zealand_2008","New Zealand","2008","B",5540002,"New Zealand","  Labor Party (Lab)"
"New Zealand_2008","New Zealand","2008","C",5540005,"New Zealand","  Green Party (GP)"
"New Zealand_2008","New Zealand","2008","D",5540003,"New Zealand","  New Zealand First (NZF)"
"New Zealand_2008","New Zealand","2008","E",5540004,"New Zealand","  Act New Zealand (ACT)"
"New Zealand_2008","New Zealand","2008","F",5540008,"New Zealand","  Maori Party (MP)"
"New Zealand_2008","New Zealand","2008","G",5540012,"New Zealand","  Jim Anderton's Progressive Party (PP) - SEE POLITY NOTES"
"New Zealand_2008","New Zealand","2008","H",5540006,"New Zealand","  United Future New Zealand (UFNZ) - SEE POLITY NOTES"
"New Zealand_2011","New Zealand","2011","A",5540001,"New Zealand","  National Party (NP)"
"New Zealand_2011","New Zealand","2011","B",5540002,"New Zealand","  Labor Party (Lab)"
"New Zealand_2011","New Zealand","2011","C",5540005,"New Zealand","  Green Party (GP)"
"New Zealand_2011","New Zealand","2011","D",5540003,"New Zealand","  New Zealand First (NZF)"
"New Zealand_2011","New Zealand","2011","E",5540007,"New Zealand","  Conservative Party (CP)/New Conservative (NC) - SEE POLITY NOTES"
"New Zealand_2011","New Zealand","2011","F",5540008,"New Zealand","  Maori Party (MP)"
"New Zealand_2011","New Zealand","2011","G",5540011,"New Zealand","  MANA Movement (MANA)"
"New Zealand_2011","New Zealand","2011","H",5540004,"New Zealand","  Act New Zealand (ACT)"
"New Zealand_2011","New Zealand","2011","I",5540006,"New Zealand","  United Future New Zealand (UFNZ) - SEE POLITY NOTES"
"New Zealand_2014","New Zealand","2014","A",5540001,"New Zealand","  National Party (NP)"
"New Zealand_2014","New Zealand","2014","B",5540002,"New Zealand","  Labor Party (Lab)"
"New Zealand_2014","New Zealand","2014","C",5540005,"New Zealand","  Green Party (GP)"
"New Zealand_2014","New Zealand","2014","D",5540003,"New Zealand","  New Zealand First (NZF)"
"New Zealand_2014","New Zealand","2014","E",5540007,"New Zealand","  Conservative Party (CP)/New Conservative (NC) - SEE POLITY NOTES"
"New Zealand_2014","New Zealand","2014","F",5540010,"New Zealand","  Internet MANA (IP - MANA) - SEE POLITY NOTES"
"New Zealand_2014","New Zealand","2014","G",5540008,"New Zealand","  Maori Party (MP)"
"New Zealand_2014","New Zealand","2014","H",5540004,"New Zealand","  Act New Zealand (ACT)"
"New Zealand_2014","New Zealand","2014","I",5540006,"New Zealand","  United Future New Zealand (UFNZ) - SEE POLITY NOTES"
"New Zealand_2017","New Zealand","2017","A",5540001,"New Zealand","  National Party (NP)"
"New Zealand_2017","New Zealand","2017","B",5540002,"New Zealand","  Labor Party (Lab)"
"New Zealand_2017","New Zealand","2017","C",5540003,"New Zealand","  New Zealand First (NZF)"
"New Zealand_2017","New Zealand","2017","D",5540005,"New Zealand","  Green Party (GP)"
"New Zealand_2017","New Zealand","2017","E",5540040,"New Zealand","  The Opportunities Party (TOP)"
"New Zealand_2017","New Zealand","2017","F",5540008,"New Zealand","  Maori Party (MP)"
"New Zealand_2017","New Zealand","2017","G",5540004,"New Zealand","  Act New Zealand (ACT)"
"New Zealand_2017","New Zealand","2017","H",5540011,"New Zealand","  MANA Movement (MANA)"
"New Zealand_2020","New Zealand","2020","A",5540002,"New Zealand","  Labor Party (Lab)"
"New Zealand_2020","New Zealand","2020","B",5540001,"New Zealand","  National Party (NP)"
"New Zealand_2020","New Zealand","2020","C",5540005,"New Zealand","  Green Party (GP)"
"New Zealand_2020","New Zealand","2020","D",5540004,"New Zealand","  Act New Zealand (ACT)"
"New Zealand_2020","New Zealand","2020","E",5540003,"New Zealand","  New Zealand First (NZF)"
"New Zealand_2020","New Zealand","2020","F",5540040,"New Zealand","  The Opportunities Party (TOP)"
"New Zealand_2020","New Zealand","2020","G",5540007,"New Zealand","  Conservative Party (CP)/New Conservative (NC) - SEE POLITY NOTES"
"New Zealand_2020","New Zealand","2020","H",5540008,"New Zealand","  Maori Party (MP)"
"Peru_2000","Peru","2000","A",6040054,"Peru","  Peru 2000 - SEE POLITY NOTES"
"Peru_2000","Peru","2000","B",6040008,"Peru","  Possible Peru - SEE POLITY NOTES"
"Peru_2000","Peru","2000","C",6040023,"Peru","  Moralizing Independent Front (FIM)"
"Peru_2000","Peru","2000","D",6040016,"Peru","  We Are Peru (PDSP)"
"Peru_2000","Peru","2000","E",6040026,"Peru","  Peruvian Aprista Party (PAP) - SEE POLITY NOTES"
"Peru_2000","Peru","2000","F",6040034,"Peru","  National Solidarity Party (PSN)"
"Peru_2001","Peru","2001","A",6040008,"Peru","  Possible Peru - SEE POLITY NOTES"
"Peru_2001","Peru","2001","B",6040026,"Peru","  Peruvian Aprista Party (PAP) - SEE POLITY NOTES"
"Peru_2001","Peru","2001","C",6040052,"Peru","  National Unity (UN) - SEE POLITY NOTES"
"Peru_2001","Peru","2001","D",6040023,"Peru","  Moralizing Independent Front (FIM)"
"Peru_2001","Peru","2001","E",6040030,"Peru","  People's Solution"
"Peru_2001","Peru","2001","F",6040027,"Peru","  Andean Renaissance / National United Renaissance (RUNA) -"
"Peru_2006","Peru","2006","A",6040019,"Peru","  Union for Peru (UPP)"
"Peru_2006","Peru","2006","B",6040026,"Peru","  Peruvian Aprista Party (PAP) - SEE POLITY NOTES"
"Peru_2006","Peru","2006","C",6040052,"Peru","  National Unity (UN) - SEE POLITY NOTES"
"Peru_2006","Peru","2006","D",6040053,"Peru","  Alliance for the Future (AF) - SEE POLITY NOTES"
"Peru_2006","Peru","2006","E",6040025,"Peru","  Center Front (FDC)"
"Peru_2006","Peru","2006","F",6040014,"Peru","  National Restoration (RN)"
"Peru_2006","Peru","2006","G",6040017,"Peru","  Possible Peru (PP)"
"Peru_2011","Peru","2011","A",6040050,"Peru","  Peru Wins (UPP) - SEE POLITY NOTES"
"Peru_2011","Peru","2011","B",6040001,"Peru","  Popular Force (FP) - SEE POLITY NOTES"
"Peru_2011","Peru","2011","C",6040008,"Peru","  Possible Peru - SEE POLITY NOTES"
"Peru_2011","Peru","2011","D",6040051,"Peru","  Alliance for the Great Change (APGC) - SEE POLITY NOTES"
"Peru_2011","Peru","2011","E",6040015,"Peru","  National Solidarity Alliance - SEE POLITY NOTES"
"Peru_2011","Peru","2011","F",6040026,"Peru","  Peruvian Aprista Party (PAP) - SEE POLITY NOTES"
"Peru_2016","Peru","2016","A",6040001,"Peru","  Popular Force (FP) - SEE POLITY NOTES"
"Peru_2016","Peru","2016","B",6040002,"Peru","  Peruvians for Change (PPK)"
"Peru_2016","Peru","2016","C",6040003,"Peru","  Broad Front for Justice, Life and Liberty (Frente Amplio)"
"Peru_2016","Peru","2016","D",6040004,"Peru","  Alliance for Progress (APP) - SEE ELECTION STUDY NOTES"
"Peru_2016","Peru","2016","E",6040005,"Peru","  Popular Alliance - SEE POLITY NOTES"
"Peru_2016","Peru","2016","F",6040006,"Peru","  Popular Action (AP)"
"Peru_2016","Peru","2016","G",6040007,"Peru","  Direct Democracy"
"Peru_2016","Peru","2016","H",6040008,"Peru","  Possible Peru - SEE POLITY NOTES"
"Peru_2016","Peru","2016","I",6040009,"Peru","  Hope Front"
"Peru_2021","Peru","2021","A",6040010,"Peru","  Free Peru (PL)"
"Peru_2021","Peru","2021","B",6040001,"Peru","  Popular Force (FP) - SEE POLITY NOTES"
"Peru_2021","Peru","2021","C",6040011,"Peru","  Popular Renewal (RP) - SEE POLITY NOTES"
"Peru_2021","Peru","2021","D",6040012,"Peru","  Go on Country - Social Integration Party (AvP)"
"Peru_2021","Peru","2021","E",6040006,"Peru","  Popular Action (AP)"
"Peru_2021","Peru","2021","F",6040013,"Peru","  Together for Peru (JP)"
"Peru_2021","Peru","2021","G",6040004,"Peru","  Alliance for Progress (APP) - SEE ELECTION STUDY NOTES"
"Peru_2021","Peru","2021","H",6040036,"Peru","  We Can Peru (PP)"
"Peru_2021","Peru","2021","I",6040037,"Peru","  Purple Party (PM)"
"Philippines_2004","Philippines","2004","A",6080007,"Philippines","  Lakas - Christian-Muslim Democrats (LAKAS-CMD)"
"Philippines_2004","Philippines","2004","B",6080002,"Philippines","  Nationalist People's Coalition (NPC)"
"Philippines_2004","Philippines","2004","C",6080001,"Philippines","  Liberal Party (LP)"
"Philippines_2004","Philippines","2004","D",6080070,"Philippines","  Struggle for Democratic Philipinos (LDP)"
"Philippines_2004","Philippines","2004","E",6080084,"Philippines","  Democratic Action (AD)"
"Philippines_2004","Philippines","2004","F",6080143,"Philippines","  Rise Up Philippines (BP)"
"Philippines_2010","Philippines","2010","A",6080001,"Philippines","  Liberal Party (LP)"
"Philippines_2010","Philippines","2010","B",6080018,"Philippines","  Force of the Philippine Masses (PMP) - SEE POLITY NOTES"
"Philippines_2010","Philippines","2010","C",6080004,"Philippines","  Nationalist Party (NP)"
"Philippines_2010","Philippines","2010","D",6080007,"Philippines","  Lakas - Christian-Muslim Democrats (LAKAS-CMD)"
"Philippines_2010","Philippines","2010","E",6080143,"Philippines","  Rise Up Philippines (BP)"
"Philippines_2010","Philippines","2010","F",6080117,"Philippines","  New Nation- Volunteers for a New Philippines (VNP)"
"Philippines_2010","Philippines","2010","G",6080173,"Philippines","  Jesus N P Perlas"
"Philippines_2010","Philippines","2010","H",6080172,"Philippines","  Jamby A S Madrigal"
"Philippines_2010","Philippines","2010","I",6080087,"Philippines","  Alliance for the Common Good (AKP) - SEE POLITY NOTES"
"Philippines_2016","Philippines","2016","A",6080001,"Philippines","  Liberal Party (LP)"
"Philippines_2016","Philippines","2016","B",6080002,"Philippines","  Nationalist People's Coalition (NPC)"
"Philippines_2016","Philippines","2016","C",6080003,"Philippines","  National Unity Party (NUP)"
"Philippines_2016","Philippines","2016","D",6080004,"Philippines","  Nationalist Party (NP)"
"Philippines_2016","Philippines","2016","E",6080005,"Philippines","  United Nationalist Alliance (UNA)"
"Philippines_2016","Philippines","2016","F",6080006,"Philippines","  Philippine Democratic Party (PDP-LABAN)"
"Philippines_2016","Philippines","2016","G",6080007,"Philippines","  Lakas - Christian-Muslim Democrats (LAKAS-CMD)"
"Philippines_2016","Philippines","2016","H",6080008,"Philippines","  Democratic Action (Aksyon)"
"Philippines_2016","Philippines","2016","I",6080009,"Philippines","  People's Reform Party (PRP)"
"Poland_1997","Poland","1997","A",6160004,"Poland","  Solidarity Electoral Action (AWSP) - SEE POLITY NOTES"
"Poland_1997","Poland","1997","B",6160009,"Poland","  Democratic Left Alliance (SLD) - SEE POLITY NOTES"
"Poland_1997","Poland","1997","C",6160008,"Poland","  Freedom Union (UW)"
"Poland_1997","Poland","1997","D",6160003,"Poland","  Polish Peasants' (or People's) Party (PSL)"
"Poland_1997","Poland","1997","E",6160010,"Poland","  Movement for Reconstruction of Poland (ROP)"
"Poland_1997","Poland","1997","F",6160007,"Poland","  Labor Union (UP)"
"Poland_2001","Poland","2001","A",6160070,"Poland","  Coalition Of The Alliance Of The Democratic Left - The Union of  Labor"
"Poland_2001","Poland","2001","B",6160001,"Poland","  Civic Platform (PO)"
"Poland_2001","Poland","2001","C",6160024,"Poland","  Self-Defense of the Republic of Poland (SRP)"
"Poland_2001","Poland","2001","D",6160002,"Poland","  Law and Justice (PiS)"
"Poland_2001","Poland","2001","E",6160003,"Poland","  Polish Peasants' (or People's) Party (PSL)"
"Poland_2001","Poland","2001","F",6160014,"Poland","  League of Polish Families (LPR)"
"Poland_2001","Poland","2001","G",6160004,"Poland","  Solidarity Electoral Action (AWSP) - SEE POLITY NOTES"
"Poland_2001","Poland","2001","H",6160008,"Poland","  Freedom Union (UW)"
"Poland_2001","Poland","2001","I",6160007,"Poland","  Labor Union (UP)"
"Poland_2005","Poland","2005","A",6160002,"Poland","  Law and Justice (PiS)"
"Poland_2005","Poland","2005","B",6160001,"Poland","  Civic Platform (PO)"
"Poland_2005","Poland","2005","C",6160024,"Poland","  Self-Defense of the Republic of Poland (SRP)"
"Poland_2005","Poland","2005","D",6160009,"Poland","  Democratic Left Alliance (SLD) - SEE POLITY NOTES"
"Poland_2005","Poland","2005","E",6160014,"Poland","  League of Polish Families (LPR)"
"Poland_2005","Poland","2005","F",6160003,"Poland","  Polish Peasants' (or People's) Party (PSL)"
"Poland_2005","Poland","2005","G",6160051,"Poland","  Democratic Party (PD)"
"Poland_2005","Poland","2005","H",6160068,"Poland","  Social Democracy of Poland (SDPL)"
"Poland_2007","Poland","2007","A",6160001,"Poland","  Civic Platform (PO)"
"Poland_2007","Poland","2007","B",6160002,"Poland","  Law and Justice (PiS)"
"Poland_2007","Poland","2007","C",6160020,"Poland","  Left and Democrats (LiD) - SEE ELECTION STUDY NOTES"
"Poland_2007","Poland","2007","D",6160003,"Poland","  Polish Peasants' (or People's) Party (PSL)"
"Poland_2011","Poland","2011","A",6160001,"Poland","  Civic Platform (PO)"
"Poland_2011","Poland","2011","B",6160002,"Poland","  Law and Justice (PiS)"
"Poland_2011","Poland","2011","C",6160017,"Poland","  Palikots Movement"
"Poland_2011","Poland","2011","D",6160003,"Poland","  Polish Peasants' (or People's) Party (PSL)"
"Poland_2011","Poland","2011","E",6160009,"Poland","  Democratic Left Alliance (SLD) - SEE POLITY NOTES"
"Poland_2011","Poland","2011","F",6160016,"Poland","  Poland Comes First (PJN)"
"Poland_2011","Poland","2011","G",6160018,"Poland","  Congress of the New Right (KNP)"
"Poland_2011","Poland","2011","H",6160015,"Poland","  German Minority (MN)"
"Poland_2019","Poland","2019","A",6160002,"Poland","  Law and Justice (PiS)"
"Poland_2019","Poland","2019","B",6160001,"Poland","  Civic Platform (PO)"
"Poland_2019","Poland","2019","C",6160003,"Poland","  Polish Peasants' (or People's) Party (PSL)"
"Poland_2019","Poland","2019","D",6160009,"Poland","  Democratic Left Alliance (SLD) - SEE POLITY NOTES"
"Poland_2019","Poland","2019","E",6160025,"Poland","  Kukiz'15 (K'15)"
"Poland_2019","Poland","2019","F",6160021,"Poland","  Left Together (Razem)"
"Poland_2019","Poland","2019","G",6160033,"Poland","  Spring"
"Poland_2019","Poland","2019","H",6160022,"Poland","  Modern (Nowo)"
"Poland_2019","Poland","2019","I",6160127,"Poland","  Confederation Liberty and Independence - SEE POLITY NOTES"
"Portugal_2002","Portugal","2002","A",6200001,"Portugal","  Social Democratic Party (PSD)"
"Portugal_2002","Portugal","2002","B",6200002,"Portugal","  Socialist Party (PS)"
"Portugal_2002","Portugal","2002","C",6200003,"Portugal","  Democratic and Social Centre - People's Party (CDS-PP)"
"Portugal_2002","Portugal","2002","D",6200004,"Portugal","  Unitarian Democratic Coalition (CDU) - SEE POLITY NOTES"
"Portugal_2002","Portugal","2002","E",6200006,"Portugal","  Left Block (BE)"
"Portugal_2002","Portugal","2002","F",6200007,"Portugal","  Portuguese Communist Worker's Party (PCTP/MRPP)"
"Portugal_2002","Portugal","2002","G",6200017,"Portugal","  Earth Party (MPT)"
"Portugal_2002","Portugal","2002","H",6200015,"Portugal","  People's Monarchist Party (PPM)"
"Portugal_2002","Portugal","2002","I",6200026,"Portugal","  Humanist Party (PH)"
"Portugal_2005","Portugal","2005","A",6200002,"Portugal","  Socialist Party (PS)"
"Portugal_2005","Portugal","2005","B",6200001,"Portugal","  Social Democratic Party (PSD)"
"Portugal_2005","Portugal","2005","C",6200004,"Portugal","  Unitarian Democratic Coalition (CDU) - SEE POLITY NOTES"
"Portugal_2005","Portugal","2005","D",6200003,"Portugal","  Democratic and Social Centre - People's Party (CDS-PP)"
"Portugal_2005","Portugal","2005","E",6200006,"Portugal","  Left Block (BE)"
"Portugal_2005","Portugal","2005","F",6200008,"Portugal","  Portuguese Communist Party (PCP)"
"Portugal_2005","Portugal","2005","G",6200005,"Portugal","  Ecologist Party ""The Greens"" (PEV)"
"Portugal_2009","Portugal","2009","A",6200002,"Portugal","  Socialist Party (PS)"
"Portugal_2009","Portugal","2009","B",6200001,"Portugal","  Social Democratic Party (PSD)"
"Portugal_2009","Portugal","2009","C",6200003,"Portugal","  Democratic and Social Centre - People's Party (CDS-PP)"
"Portugal_2009","Portugal","2009","D",6200006,"Portugal","  Left Block (BE)"
"Portugal_2009","Portugal","2009","E",6200004,"Portugal","  Unitarian Democratic Coalition (CDU) - SEE POLITY NOTES"
"Portugal_2015","Portugal","2015","A",6200011,"Portugal","  Portugal Ahead (PSD - CDS-PP) - SEE POLITY NOTES"
"Portugal_2015","Portugal","2015","B",6200002,"Portugal","  Socialist Party (PS)"
"Portugal_2015","Portugal","2015","C",6200006,"Portugal","  Left Block (BE)"
"Portugal_2015","Portugal","2015","D",6200004,"Portugal","  Unitarian Democratic Coalition (CDU) - SEE POLITY NOTES"
"Portugal_2015","Portugal","2015","E",6200028,"Portugal","  Party for People, Animals and Nature (PAN)"
"Portugal_2015","Portugal","2015","F",6200020,"Portugal","  Democratic Republican Party (PDR)"
"Portugal_2015","Portugal","2015","G",6200007,"Portugal","  Portuguese Communist Worker's Party (PCTP/MRPP)"
"Portugal_2015","Portugal","2015","H",6200003,"Portugal","  Democratic and Social Centre - People's Party (CDS-PP)"
"Portugal_2019","Portugal","2019","A",6200002,"Portugal","  Socialist Party (PS)"
"Portugal_2019","Portugal","2019","B",6200001,"Portugal","  Social Democratic Party (PSD)"
"Portugal_2019","Portugal","2019","C",6200006,"Portugal","  Left Block (BE)"
"Portugal_2019","Portugal","2019","D",6200004,"Portugal","  Unitarian Democratic Coalition (CDU) - SEE POLITY NOTES"
"Portugal_2019","Portugal","2019","E",6200003,"Portugal","  Democratic and Social Centre - People's Party (CDS-PP)"
"Portugal_2019","Portugal","2019","F",6200028,"Portugal","  Party for People, Animals and Nature (PAN)"
"Portugal_2019","Portugal","2019","G",6200010,"Portugal","  Enough (CH)"
"Portugal_2019","Portugal","2019","H",6200012,"Portugal","  Liberal Initiative (IL)"
"Portugal_2019","Portugal","2019","I",6200013,"Portugal","  Free (L)"
"Romania_1996","Romania","1996","A",6420022,"Romania","  Romanian Democratic Convention (CDR) - SEE POLITY NOTES"
"Romania_1996","Romania","1996","B",6420001,"Romania","  Romanian Party of Social Democracy (PSD) - SEE POLITY NOTES"
"Romania_1996","Romania","1996","C",6420027,"Romania","  Social Democratic Union - SEE POLITY NOTES"
"Romania_1996","Romania","1996","D",6420003,"Romania","  Democratic Union of Hungarians in Romania (UDMR)"
"Romania_1996","Romania","1996","E",6420004,"Romania","  Greater Romania Party (PRM)"
"Romania_1996","Romania","1996","F",6420028,"Romania","  Romanian Party for National Unity (PUNR)"
"Romania_1996","Romania","1996","G",6420005,"Romania","  National Liberal Party (PNL)"
"Romania_2004","Romania","2004","A",6420001,"Romania","  Romanian Party of Social Democracy (PSD) - SEE POLITY NOTES"
"Romania_2004","Romania","2004","B",6420005,"Romania","  National Liberal Party (PNL)"
"Romania_2004","Romania","2004","C",6420019,"Romania","  Democratic Party (PD)"
"Romania_2004","Romania","2004","D",6420004,"Romania","  Greater Romania Party (PRM)"
"Romania_2004","Romania","2004","E",6420003,"Romania","  Democratic Union of Hungarians in Romania (UDMR)"
"Romania_2004","Romania","2004","F",6420024,"Romania","  Romanian Humanist Party (PUR)"
"Romania_2004","Romania","2004","G",6420023,"Romania","  New Generation Party (PNG)"
"Romania_2004","Romania","2004","H",6420007,"Romania","  National Peasant and Christian Democratic Party (PNT-CD)"
"Romania_2009","Romania","2009","A",6420020,"Romania","  Democratic Liberal Party (P-DL) - SEE POLITY NOTES"
"Romania_2009","Romania","2009","B",6420111,"Romania","  Social Democratic Party - Conservative Party (PSD - PC) - SEE"
"Romania_2009","Romania","2009","C",6420005,"Romania","  National Liberal Party (PNL)"
"Romania_2009","Romania","2009","D",6420004,"Romania","  Greater Romania Party (PRM)"
"Romania_2009","Romania","2009","E",6420003,"Romania","  Democratic Union of Hungarians in Romania (UDMR)"
"Romania_2009","Romania","2009","F",6420302,"Romania","  Sorin Oprescu (Independent)"
"Romania_2009","Romania","2009","G",6420009,"Romania","  New Generation Party - Christian Democratic (PNGCD) - SEE POLITY"
"Romania_2012","Romania","2012","A",6420011,"Romania","  Social Liberal Union (USL) - SEE POLITY NOTES"
"Romania_2012","Romania","2012","B",6420200,"Romania","  Alliance for a Just Romania (ARD) - SEE POLITY NOTES"
"Romania_2012","Romania","2012","C",6420002,"Romania","  People's Party - Dan Diaconescu (PP-DD)"
"Romania_2012","Romania","2012","D",6420003,"Romania","  Democratic Union of Hungarians in Romania (UDMR)"
"Romania_2012","Romania","2012","E",6420004,"Romania","  Greater Romania Party (PRM)"
"Romania_2012","Romania","2012","G",6420001,"Romania","  Romanian Party of Social Democracy (PSD) - SEE POLITY NOTES"
"Romania_2012","Romania","2012","H",6420005,"Romania","  National Liberal Party (PNL)"
"Romania_2012","Romania","2012","I",6420020,"Romania","  Democratic Liberal Party (P-DL) - SEE POLITY NOTES"
"Romania_2014","Romania","2014","A",6420101,"Romania","  PSD-UNPR-PC Electoral Alliance (PSD - UNPR - PC) - SEE POLITY"
"Romania_2014","Romania","2014","B",6420102,"Romania","  Christian-Liberal Alliance (ACL) - SEE POLITY NOTES"
"Romania_2014","Romania","2014","C",6420103,"Romania","  Popular Movement Party (PMP)"
"Romania_2014","Romania","2014","D",6420002,"Romania","  People's Party - Dan Diaconescu (PP-DD)"
"Romania_2014","Romania","2014","E",6420004,"Romania","  Greater Romania Party (PRM)"
"Romania_2014","Romania","2014","F",6420003,"Romania","  Democratic Union of Hungarians in Romania (UDMR)"
"Romania_2014","Romania","2014","H",6420300,"Romania","  Calin-Constantin-Anton Popescu-Tariceanu (Independent)"
"Romania_2014","Romania","2014","I",6420301,"Romania","  Monica-Luisa Macovei (Independent)"
"Romania_2016","Romania","2016","A",6420001,"Romania","  Romanian Party of Social Democracy (PSD) - SEE POLITY NOTES"
"Romania_2016","Romania","2016","B",6420005,"Romania","  National Liberal Party (PNL)"
"Romania_2016","Romania","2016","C",6420013,"Romania","  Save Romania Union (USR)"
"Romania_2016","Romania","2016","D",6420003,"Romania","  Democratic Union of Hungarians in Romania (UDMR)"
"Romania_2016","Romania","2016","E",6420053,"Romania","  Alliance of Liberals and Democrats (ALDE)"
"Romania_2016","Romania","2016","F",6420103,"Romania","  Popular Movement Party (PMP)"
"Romania_2016","Romania","2016","G",6420054,"Romania","  United Romania Party (PRU)"
"Romania_2016","Romania","2016","H",6420004,"Romania","  Greater Romania Party (PRM)"
"Romania_2016","Romania","2016","I",6420055,"Romania","  Our Romania Alliance (ANR)"
"Russian Federation_1999","Russian Federation","1999","A",6430002,"Russian Federation","  Communist Party of the Russian Federation (KPRF)"
"Russian Federation_1999","Russian Federation","1999","B",6430051,"Russian Federation","  Unity Inter-Regional movement"
"Russian Federation_1999","Russian Federation","1999","C",6430008,"Russian Federation","  Fatherland All Russia (OBP)"
"Russian Federation_1999","Russian Federation","1999","D",6430043,"Russian Federation","  Union of Right Forces (SPS)"
"Russian Federation_1999","Russian Federation","1999","E",6430033,"Russian Federation","  Zhirinovsky Bloc"
"Russian Federation_1999","Russian Federation","1999","F",6430004,"Russian Federation","  Yabloko (RDPY)"
"Russian Federation_2000","Russian Federation","2000","A",6430002,"Russian Federation","  Communist Party of the Russian Federation (KPRF)"
"Russian Federation_2000","Russian Federation","2000","B",6430051,"Russian Federation","  Unity Inter-Regional movement"
"Russian Federation_2000","Russian Federation","2000","C",6430008,"Russian Federation","  Fatherland All Russia (OBP)"
"Russian Federation_2000","Russian Federation","2000","D",6430043,"Russian Federation","  Union of Right Forces (SPS)"
"Russian Federation_2000","Russian Federation","2000","E",6430033,"Russian Federation","  Zhirinovsky Bloc"
"Russian Federation_2000","Russian Federation","2000","F",6430004,"Russian Federation","  Yabloko (RDPY)"
"Russian Federation_2004","Russian Federation","2004","A",6430001,"Russian Federation","  United Russia (ER)"
"Russian Federation_2004","Russian Federation","2004","B",6430002,"Russian Federation","  Communist Party of the Russian Federation (KPRF)"
"Russian Federation_2004","Russian Federation","2004","C",6430003,"Russian Federation","  Liberal Democratic Party of Russia (LDPR) - SEE ELECTION STUDY"
"Russian Federation_2004","Russian Federation","2004","D",6430006,"Russian Federation","  Homeland People's Patriotic Union (RNPS) - SEE POLITY NOTES"
"Russian Federation_2004","Russian Federation","2004","E",6430043,"Russian Federation","  Union of Right Forces (SPS)"
"Russian Federation_2004","Russian Federation","2004","F",6430004,"Russian Federation","  Yabloko (RDPY)"
"Russian Federation_2004","Russian Federation","2004","G",6430039,"Russian Federation","  Agrarian Party of Russia (APR)"
"Russian Federation_2004","Russian Federation","2004","H",6430005,"Russian Federation","  Pensioners Party (RPP)"
"Russian Federation_2004","Russian Federation","2004","I",6430042,"Russian Federation","  Rebirth of Russia Party (PVR)"
"El Salvador_2019","El Salvador","2019","A",2220001,"El Salvador","  Grand Alliance for National Unity (GANA)"
"El Salvador_2019","El Salvador","2019","B",2220002,"El Salvador","  Alliance for a New Country (ARENA-PCN-PDC-DSP) / ARENA"
"El Salvador_2019","El Salvador","2019","C",2220003,"El Salvador","  Farabundo Marti National Liberation Front (FMLN)"
"El Salvador_2019","El Salvador","2019","D",2220004,"El Salvador","  Let's Go (Vamos)"
"El Salvador_2019","El Salvador","2019","G",2220005,"El Salvador","  New Ideas (NI)"
"Serbia_2012","Serbia","2012","A",6880001,"Serbia","  Serbian Progressive Party (SNS) - SEE POLITY NOTES"
"Serbia_2012","Serbia","2012","B",6880002,"Serbia","  Democratic Party (DS) - SEE POLITY NOTES"
"Serbia_2012","Serbia","2012","C",6880004,"Serbia","  Socialist Party of Serbia (SPS) - SEE POLITY NOTES"
"Serbia_2012","Serbia","2012","D",6880005,"Serbia","  Democratic Party of Serbia (DSS)"
"Serbia_2012","Serbia","2012","E",6880006,"Serbia","  Liberal Democratic Party (LDP) - SEE POLITY NOTES"
"Serbia_2012","Serbia","2012","F",6880007,"Serbia","  United Regions of Serbia (URS) - SEE POLITY NOTES"
"Serbia_2012","Serbia","2012","G",6880003,"Serbia","  Serbian Radical Party (SRS)"
"Serbia_2012","Serbia","2012","H",6880008,"Serbia","  Alliance of Vojvodina's Hungarians (SVM)"
"Slovakia_2010","Slovakia","2010","A",7030001,"Slovakia","  Direction - Social Democracy (Smer)"
"Slovakia_2010","Slovakia","2010","B",7030003,"Slovakia","  Slovak Democratic and Christian Union - Democratic Party"
"Slovakia_2010","Slovakia","2010","C",7030002,"Slovakia","  Freedom and Solidarity (SaS)"
"Slovakia_2010","Slovakia","2010","D",7030004,"Slovakia","  Christian Democratic Movement (KDH)"
"Slovakia_2010","Slovakia","2010","E",7030008,"Slovakia","  Bridge (MH)"
"Slovakia_2010","Slovakia","2010","F",7030006,"Slovakia","  Slovak National Party (SNS)"
"Slovakia_2010","Slovakia","2010","G",7030015,"Slovakia","  Party Of The Hungarian Coalition (SMK)"
"Slovakia_2010","Slovakia","2010","H",7030010,"Slovakia","  People's Party - Movement For a Democratic Slovakia (LS - HZDS)"
"Slovakia_2016","Slovakia","2016","A",7030001,"Slovakia","  Direction - Social Democracy (Smer)"
"Slovakia_2016","Slovakia","2016","B",7030002,"Slovakia","  Freedom and Solidarity (SaS)"
"Slovakia_2016","Slovakia","2016","C",7030009,"Slovakia","  Ordinary people - Independent Personalities (OLaNO) - SEE POLITY"
"Slovakia_2016","Slovakia","2016","D",7030006,"Slovakia","  Slovak National Party (SNS)"
"Slovakia_2016","Slovakia","2016","E",7030012,"Slovakia","  Kotleba - People's Party Our Slovakia (LsNS) - SEE POLITY NOTES"
"Slovakia_2016","Slovakia","2016","F",7030014,"Slovakia","  We are family (SR)"
"Slovakia_2016","Slovakia","2016","G",7030008,"Slovakia","  Bridge (MH)"
"Slovakia_2016","Slovakia","2016","H",7030013,"Slovakia","  Network (S) / Slovak Conservative Party (SKS) - SEE POLITY NOTES"
"Slovakia_2016","Slovakia","2016","I",7030004,"Slovakia","  Christian Democratic Movement (KDH)"
"Slovakia_2020","Slovakia","2020","A",7030009,"Slovakia","  Ordinary people - Independent Personalities (OLaNO) - SEE POLITY"
"Slovakia_2020","Slovakia","2020","B",7030001,"Slovakia","  Direction - Social Democracy (Smer)"
"Slovakia_2020","Slovakia","2020","C",7030014,"Slovakia","  We are family (SR)"
"Slovakia_2020","Slovakia","2020","D",7030012,"Slovakia","  Kotleba - People's Party Our Slovakia (LsNS) - SEE POLITY NOTES"
"Slovakia_2020","Slovakia","2020","E",7030100,"Slovakia","  Progressive Slovakia - TOGETHER-Civic Democracy - SEE POLITY NOTES"
"Slovakia_2020","Slovakia","2020","F",7030002,"Slovakia","  Freedom and Solidarity (SaS)"
"Slovakia_2020","Slovakia","2020","G",7030017,"Slovakia","  For the People (ZL)"
"Slovakia_2020","Slovakia","2020","H",7030004,"Slovakia","  Christian Democratic Movement (KDH)"
"Slovakia_2020","Slovakia","2020","I",7030101,"Slovakia","  Hungarian Community Togetherness (MKO) "
"Slovenia_1996","Slovenia","1996","A",7050004,"Slovenia","  Liberal Democracy of Slovenia (LDS)"
"Slovenia_1996","Slovenia","1996","B",7050006,"Slovenia","  Slovenian People's Party (SLS) - SEE POLITY NOTES"
"Slovenia_1996","Slovenia","1996","C",7050001,"Slovenia","  Social Democratic Party (SDS)"
"Slovenia_1996","Slovenia","1996","D",7050017,"Slovenia","  Christian Democrats (SKD) - SEE POLITY NOTES"
"Slovenia_1996","Slovenia","1996","E",7050002,"Slovenia","  Social Democrats (SD) - SEE ELECTION STUDY NOTES"
"Slovenia_1996","Slovenia","1996","E",7050002,"Slovenia","  United List of Social Democrats (ZLSD)"
"Slovenia_1996","Slovenia","1996","F",7050003,"Slovenia","  Democratic Party of Pensioners (DeSUS)"
"Slovenia_1996","Slovenia","1996","G",7050008,"Slovenia","  Slovenian National Party (SNS)"
"Slovenia_2004","Slovenia","2004","A",7050001,"Slovenia","  Social Democratic Party (SDS)"
"Slovenia_2004","Slovenia","2004","B",7050004,"Slovenia","  Liberal Democracy of Slovenia (LDS)"
"Slovenia_2004","Slovenia","2004","C",7050002,"Slovenia","  Social Democrats (SD) - SEE ELECTION STUDY NOTES"
"Slovenia_2004","Slovenia","2004","C",7050002,"Slovenia","  United List of Social Democrats (ZLSD)"
"Slovenia_2004","Slovenia","2004","D",7050007,"Slovenia","  New Slovenia - Christian People's Party (NSi) - SEE POLITY NOTES"
"Slovenia_2004","Slovenia","2004","E",7050006,"Slovenia","  Slovenian People's Party (SLS) - SEE POLITY NOTES"
"Slovenia_2004","Slovenia","2004","F",7050008,"Slovenia","  Slovenian National Party (SNS)"
"Slovenia_2004","Slovenia","2004","G",7050003,"Slovenia","  Democratic Party of Pensioners (DeSUS)"
"Slovenia_2008","Slovenia","2008","A",7050002,"Slovenia","  Social Democrats (SD) - SEE ELECTION STUDY NOTES"
"Slovenia_2008","Slovenia","2008","A",7050002,"Slovenia","  United List of Social Democrats (ZLSD)"
"Slovenia_2008","Slovenia","2008","B",7050001,"Slovenia","  Social Democratic Party (SDS)"
"Slovenia_2008","Slovenia","2008","C",7050020,"Slovenia","  For Real-New Politics (ZARES) - SEE POLITY NOTES"
"Slovenia_2008","Slovenia","2008","D",7050003,"Slovenia","  Democratic Party of Pensioners (DeSUS)"
"Slovenia_2008","Slovenia","2008","E",7050008,"Slovenia","  Slovenian National Party (SNS)"
"Slovenia_2008","Slovenia","2008","F",7050019,"Slovenia","  Slovenian People's Party - Youth Party of Slovenia (SLS - SMS) - "
"Slovenia_2008","Slovenia","2008","G",7050004,"Slovenia","  Liberal Democracy of Slovenia (LDS)"
"Slovenia_2008","Slovenia","2008","H",7050007,"Slovenia","  New Slovenia - Christian People's Party (NSi) - SEE POLITY NOTES"
"Slovenia_2011","Slovenia","2011","A",7050016,"Slovenia","  Zoran Jankovic List - Positive Slovenia (LZJ-PS)"
"Slovenia_2011","Slovenia","2011","B",7050001,"Slovenia","  Social Democratic Party (SDS)"
"Slovenia_2011","Slovenia","2011","C",7050002,"Slovenia","  Social Democrats (SD) - SEE ELECTION STUDY NOTES"
"Slovenia_2011","Slovenia","2011","C",7050002,"Slovenia","  United List of Social Democrats (ZLSD)"
"Slovenia_2011","Slovenia","2011","D",7050009,"Slovenia","  Gregor Virant's Civic List (DIGV)"
"Slovenia_2011","Slovenia","2011","E",7050003,"Slovenia","  Democratic Party of Pensioners (DeSUS)"
"Slovenia_2011","Slovenia","2011","F",7050006,"Slovenia","  Slovenian People's Party (SLS) - SEE POLITY NOTES"
"Slovenia_2011","Slovenia","2011","G",7050007,"Slovenia","  New Slovenia - Christian People's Party (NSi) - SEE POLITY NOTES"
"Slovenia_2011","Slovenia","2011","H",7050008,"Slovenia","  Slovenian National Party (SNS)"
"Sweden_1998","Sweden","1998","A",7520001,"Sweden","  Sweden's Social Democratic Worker's Party (SAP)"
"Sweden_1998","Sweden","1998","B",7520002,"Sweden","  Moderate Party (M)"
"Sweden_1998","Sweden","1998","C",7520007,"Sweden","  Left Party (V)"
"Sweden_1998","Sweden","1998","D",7520004,"Sweden","  Christian Democrats (KD)"
"Sweden_1998","Sweden","1998","E",7520006,"Sweden","  Centre Party (C)"
"Sweden_1998","Sweden","1998","F",7520003,"Sweden","  Liberal People's Party (FP) / Liberals (L) - SEE POLITY NOTES"
"Sweden_2002","Sweden","2002","A",7520001,"Sweden","  Sweden's Social Democratic Worker's Party (SAP)"
"Sweden_2002","Sweden","2002","B",7520002,"Sweden","  Moderate Party (M)"
"Sweden_2002","Sweden","2002","C",7520003,"Sweden","  Liberal People's Party (FP) / Liberals (L) - SEE POLITY NOTES"
"Sweden_2002","Sweden","2002","D",7520004,"Sweden","  Christian Democrats (KD)"
"Sweden_2002","Sweden","2002","E",7520007,"Sweden","  Left Party (V)"
"Sweden_2002","Sweden","2002","F",7520006,"Sweden","  Centre Party (C)"
"Sweden_2002","Sweden","2002","G",7520005,"Sweden","  Green Party (MP)"
"Sweden_2006","Sweden","2006","A",7520001,"Sweden","  Sweden's Social Democratic Worker's Party (SAP)"
"Sweden_2006","Sweden","2006","B",7520002,"Sweden","  Moderate Party (M)"
"Sweden_2006","Sweden","2006","C",7520006,"Sweden","  Centre Party (C)"
"Sweden_2006","Sweden","2006","D",7520003,"Sweden","  Liberal People's Party (FP) / Liberals (L) - SEE POLITY NOTES"
"Sweden_2006","Sweden","2006","E",7520004,"Sweden","  Christian Democrats (KD)"
"Sweden_2006","Sweden","2006","F",7520007,"Sweden","  Left Party (V)"
"Sweden_2006","Sweden","2006","G",7520005,"Sweden","  Green Party (MP)"
"Sweden_2006","Sweden","2006","H",7520008,"Sweden","  Sweden Democrats (SD)"
"Sweden_2006","Sweden","2006","I",7520009,"Sweden","  Feminist Party (Fi)"
"Sweden_2014","Sweden","2014","A",7520001,"Sweden","  Sweden's Social Democratic Worker's Party (SAP)"
"Sweden_2014","Sweden","2014","B",7520002,"Sweden","  Moderate Party (M)"
"Sweden_2014","Sweden","2014","C",7520008,"Sweden","  Sweden Democrats (SD)"
"Sweden_2014","Sweden","2014","D",7520005,"Sweden","  Green Party (MP)"
"Sweden_2014","Sweden","2014","E",7520006,"Sweden","  Centre Party (C)"
"Sweden_2014","Sweden","2014","F",7520007,"Sweden","  Left Party (V)"
"Sweden_2014","Sweden","2014","G",7520003,"Sweden","  Liberal People's Party (FP) / Liberals (L) - SEE POLITY NOTES"
"Sweden_2014","Sweden","2014","H",7520004,"Sweden","  Christian Democrats (KD)"
"Sweden_2014","Sweden","2014","I",7520009,"Sweden","  Feminist Party (Fi)"
"Sweden_2018","Sweden","2018","A",7520001,"Sweden","  Sweden's Social Democratic Worker's Party (SAP)"
"Sweden_2018","Sweden","2018","B",7520002,"Sweden","  Moderate Party (M)"
"Sweden_2018","Sweden","2018","C",7520008,"Sweden","  Sweden Democrats (SD)"
"Sweden_2018","Sweden","2018","D",7520006,"Sweden","  Centre Party (C)"
"Sweden_2018","Sweden","2018","E",7520007,"Sweden","  Left Party (V)"
"Sweden_2018","Sweden","2018","F",7520004,"Sweden","  Christian Democrats (KD)"
"Sweden_2018","Sweden","2018","G",7520003,"Sweden","  Liberal People's Party (FP) / Liberals (L) - SEE POLITY NOTES"
"Sweden_2018","Sweden","2018","H",7520005,"Sweden","  Green Party (MP)"
"Sweden_2018","Sweden","2018","I",7520009,"Sweden","  Feminist Party (Fi)"
"Thailand_2001","Thailand","2001","A",7640022,"Thailand","  Thai Rak Thai Party (TRT)"
"Thailand_2001","Thailand","2001","B",7640002,"Thailand","  Democrat Party (DP)"
"Thailand_2001","Thailand","2001","C",7640023,"Thailand","  New Aspiration Party"
"Thailand_2001","Thailand","2001","D",7640021,"Thailand","  Thai Nation Party (CTP)"
"Thailand_2001","Thailand","2001","E",7640026,"Thailand","  National Development Party"
"Thailand_2001","Thailand","2001","F",7640027,"Thailand","  Justice and Freedom Party"
"Thailand_2007","Thailand","2007","A",7640014,"Thailand","  People's Power Party (PPP)"
"Thailand_2007","Thailand","2007","B",7640002,"Thailand","  Democrat Party (DP)"
"Thailand_2007","Thailand","2007","C",7640021,"Thailand","  Thai Nation Party (CTP)"
"Thailand_2007","Thailand","2007","D",7640008,"Thailand","  Motherland Party (Phak Matunhum Party)"
"Thailand_2007","Thailand","2007","E",7640060,"Thailand","  Thais United National Development Party - SEE POLITY NOTES"
"Thailand_2007","Thailand","2007","F",7640024,"Thailand","  Neutral Democratic Party (MCM)"
"Thailand_2007","Thailand","2007","G",7640018,"Thailand","  Royal People Party (PRP)"
"Thailand_2007","Thailand","2007","H",7640025,"Thailand","  Referendum Party - SEE ELECTION STUDY NOTES"
"Thailand_2011","Thailand","2011","A",7640001,"Thailand","  For Thais Party (PPT)"
"Thailand_2011","Thailand","2011","B",7640002,"Thailand","  Democrat Party (DP)"
"Thailand_2011","Thailand","2011","C",7640003,"Thailand","  Thai Pride Party (BJT)"
"Thailand_2011","Thailand","2011","D",7640004,"Thailand","  Love Thailand Party"
"Thailand_2011","Thailand","2011","E",7640005,"Thailand","  Thai Nation Development Party (CP)"
"Thailand_2011","Thailand","2011","F",7640006,"Thailand","  National Development of the Motherland Party - SEE POLITY NOTES"
"Thailand_2011","Thailand","2011","G",7640007,"Thailand","  Peaceloving Party"
"Thailand_2011","Thailand","2011","H",7640008,"Thailand","  Motherland Party (Phak Matunhum Party)"
"Thailand_2011","Thailand","2011","I",7640009,"Thailand","  Power of Choburi Party"
"Thailand_2019","Thailand","2019","A",7640010,"Thailand","  State Power Party (PPRP)"
"Thailand_2019","Thailand","2019","B",7640001,"Thailand","  For Thais Party (PPT)"
"Thailand_2019","Thailand","2019","C",7640031,"Thailand","  Future Forward Party (FFP)"
"Thailand_2019","Thailand","2019","D",7640002,"Thailand","  Democrat Party (DP)"
"Thailand_2019","Thailand","2019","E",7640003,"Thailand","  Thai Pride Party (BJT)"
"Thailand_2019","Thailand","2019","F",7640032,"Thailand","  Thai Liberal Party (TLP)"
"Thailand_2019","Thailand","2019","G",7640005,"Thailand","  Thai Nation Development Party (CP)"
"Thailand_2019","Thailand","2019","H",7640033,"Thailand","  New Economics Party (NEP)"
"Thailand_2019","Thailand","2019","I",7640012,"Thailand","  People's Nation Party"
"Tunisia_2019","Tunisia","2019","A",7880001,"Tunisia","  Ennahda Movement"
"Tunisia_2019","Tunisia","2019","B",7880002,"Tunisia","  Heart of Tunisia"
"Tunisia_2019","Tunisia","2019","C",7880003,"Tunisia","  Free Destourian Party "
"Tunisia_2019","Tunisia","2019","D",7880004,"Tunisia","  Democratic Current"
"Tunisia_2019","Tunisia","2019","E",7880005,"Tunisia","  Dignity Coalition"
"Tunisia_2019","Tunisia","2019","F",7880006,"Tunisia","  People's Movement"
"Turkey_2011","Turkey","2011","A",7920001,"Turkey","  Justice and Development Party (AKP)"
"Turkey_2011","Turkey","2011","B",7920002,"Turkey","  Republican People's Party (CHP)"
"Turkey_2011","Turkey","2011","C",7920003,"Turkey","  Nationalist Action Party (MHP)"
"Turkey_2011","Turkey","2011","D",7920016,"Turkey","  Peace and Democratic Party (BDP) - SEE POLITY NOTES"
"Turkey_2011","Turkey","2011","E",7920005,"Turkey","  Felicity Party (SP)"
"Turkey_2011","Turkey","2011","F",7920009,"Turkey","  People's Voice Party (HSP)"
"Turkey_2011","Turkey","2011","G",7920015,"Turkey","  Great Union Party (BBP)"
"Turkey_2011","Turkey","2011","H",7920013,"Turkey","  Democratic Party (DP)"
"Turkey_2011","Turkey","2011","I",7920012,"Turkey","  Democratic Left Party (DSP)"
"Turkey_2015","Turkey","2015","A",7920001,"Turkey","  Justice and Development Party (AKP)"
"Turkey_2015","Turkey","2015","B",7920002,"Turkey","  Republican People's Party (CHP)"
"Turkey_2015","Turkey","2015","C",7920003,"Turkey","  Nationalist Action Party (MHP)"
"Turkey_2015","Turkey","2015","D",7920004,"Turkey","  Peoples' Democratic Party (HDP) - SEE POLITY NOTES"
"Turkey_2015","Turkey","2015","E",7920005,"Turkey","  Felicity Party (SP)"
"Turkey_2015","Turkey","2015","F",7920006,"Turkey","  Patriotic Party (VP)"
"Turkey_2018","Turkey","2018","A",7920001,"Turkey","  Justice and Development Party (AKP)"
"Turkey_2018","Turkey","2018","B",7920002,"Turkey","  Republican People's Party (CHP)"
"Turkey_2018","Turkey","2018","C",7920004,"Turkey","  Peoples' Democratic Party (HDP) - SEE POLITY NOTES"
"Turkey_2018","Turkey","2018","D",7920003,"Turkey","  Nationalist Action Party (MHP)"
"Turkey_2018","Turkey","2018","E",7920007,"Turkey","  Good Party (IYI)"
"Turkey_2018","Turkey","2018","F",7920005,"Turkey","  Felicity Party (SP)"
"Taiwan_1996","Taiwan","1996","A",1580002,"Taiwan","  Kuomintang of China (KMT) - SEE ELECTION STUDY NOTES"
"Taiwan_1996","Taiwan","1996","B",1580001,"Taiwan","  Democratic Progressive Party (DPP)"
"Taiwan_1996","Taiwan","1996","C",1580004,"Taiwan","  New Party (NP) - SEE POLITY NOTES"
"Taiwan_2001","Taiwan","2001","A",1580001,"Taiwan","  Democratic Progressive Party (DPP)"
"Taiwan_2001","Taiwan","2001","B",1580002,"Taiwan","  Kuomintang of China (KMT) - SEE ELECTION STUDY NOTES"
"Taiwan_2001","Taiwan","2001","C",1580003,"Taiwan","  People First Party (PFP) - SEE POLITY NOTES"
"Taiwan_2001","Taiwan","2001","D",1580006,"Taiwan","  Taiwan Solidarity Union (TSU)"
"Taiwan_2001","Taiwan","2001","E",1580004,"Taiwan","  New Party (NP) - SEE POLITY NOTES"
"Taiwan_2004","Taiwan","2004","A",1580001,"Taiwan","  Democratic Progressive Party (DPP)"
"Taiwan_2004","Taiwan","2004","B",1580002,"Taiwan","  Kuomintang of China (KMT) - SEE ELECTION STUDY NOTES"
"Taiwan_2004","Taiwan","2004","C",1580003,"Taiwan","  People First Party (PFP) - SEE POLITY NOTES"
"Taiwan_2004","Taiwan","2004","D",1580006,"Taiwan","  Taiwan Solidarity Union (TSU)"
"Taiwan_2004","Taiwan","2004","E",1580004,"Taiwan","  New Party (NP) - SEE POLITY NOTES"
"Taiwan_2008","Taiwan","2008","A",1580002,"Taiwan","  Kuomintang of China (KMT) - SEE ELECTION STUDY NOTES"
"Taiwan_2008","Taiwan","2008","B",1580001,"Taiwan","  Democratic Progressive Party (DPP)"
"Taiwan_2012","Taiwan","2012","A",1580002,"Taiwan","  Kuomintang of China (KMT) - SEE ELECTION STUDY NOTES"
"Taiwan_2012","Taiwan","2012","B",1580001,"Taiwan","  Democratic Progressive Party (DPP)"
"Taiwan_2012","Taiwan","2012","C",1580003,"Taiwan","  People First Party (PFP) - SEE POLITY NOTES"
"Taiwan_2012","Taiwan","2012","D",1580007,"Taiwan","  Non-Partisan Solidarity Union (NPSU)"
"Taiwan_2016","Taiwan","2016","A",1580001,"Taiwan","  Democratic Progressive Party (DPP)"
"Taiwan_2016","Taiwan","2016","B",1580002,"Taiwan","  Kuomintang of China (KMT) - SEE ELECTION STUDY NOTES"
"Taiwan_2016","Taiwan","2016","C",1580013,"Taiwan","  New Power Party (NPP)"
"Taiwan_2016","Taiwan","2016","D",1580100,"Taiwan","  Green-Social Democratic Coalition (GP - SDP)"
"Taiwan_2016","Taiwan","2016","E",1580029,"Taiwan","  Minkuotang (MKT)"
"Taiwan_2016","Taiwan","2016","F",1580003,"Taiwan","  People First Party (PFP) - SEE POLITY NOTES"
"Taiwan_2016","Taiwan","2016","G",1580006,"Taiwan","  Taiwan Solidarity Union (TSU)"
"Taiwan_2020","Taiwan","2020","A",1580001,"Taiwan","  Democratic Progressive Party (DPP)"
"Taiwan_2020","Taiwan","2020","B",1580002,"Taiwan","  Kuomintang of China (KMT) - SEE ELECTION STUDY NOTES"
"Taiwan_2020","Taiwan","2020","C",1580014,"Taiwan","  Taiwan People's Party (TPP)"
"Taiwan_2020","Taiwan","2020","D",1580013,"Taiwan","  New Power Party (NPP)"
"Taiwan_2020","Taiwan","2020","E",1580003,"Taiwan","  People First Party (PFP) - SEE POLITY NOTES"
"Taiwan_2020","Taiwan","2020","F",1580030,"Taiwan","  Taiwan Statebuilding Party (TSP)"
"Ukraine_1998","Ukraine","1998","A",8040010,"Ukraine","  Communist Party of Ukraine"
"Ukraine_1998","Ukraine","1998","B",8040011,"Ukraine","  People's Ruks of Ukraine"
"Ukraine_1998","Ukraine","1998","C",8040012,"Ukraine","  Socialist Party of Ukraine"
"Ukraine_1998","Ukraine","1998","D",8040014,"Ukraine","  Party of Greens of Ukraine"
"Ukraine_1998","Ukraine","1998","E",8040015,"Ukraine","  People's-Democratic Party"
"Ukraine_1998","Ukraine","1998","F",8040013,"Ukraine","  Peasants Party of Ukraine"
"Ukraine_1998","Ukraine","1998","G",8040018,"Ukraine","  Social-Democratic Party"
"Uruguay_2009","Uruguay","2009","A",8580001,"Uruguay","  Broad Front (FA)"
"Uruguay_2009","Uruguay","2009","B",8580002,"Uruguay","  National Party (PN) - SEE POLITY NOTES"
"Uruguay_2009","Uruguay","2009","C",8580003,"Uruguay","  Colorado Party"
"Uruguay_2009","Uruguay","2009","D",8580004,"Uruguay","  Independent Party (PI)"
"Uruguay_2009","Uruguay","2009","E",8580005,"Uruguay","  Popular Assembly"
"Uruguay_2019","Uruguay","2019","A",8580001,"Uruguay","  Broad Front (FA)"
"Uruguay_2019","Uruguay","2019","B",8580002,"Uruguay","  National Party (PN) - SEE POLITY NOTES"
"Uruguay_2019","Uruguay","2019","C",8580003,"Uruguay","  Colorado Party"
"Uruguay_2019","Uruguay","2019","D",8580007,"Uruguay","  Open Cabildo"
"Uruguay_2019","Uruguay","2019","E",8580008,"Uruguay","  Intransigent Radical Ecology Party (PERI)"
"Uruguay_2019","Uruguay","2019","F",8580009,"Uruguay","  People's Party"
"Uruguay_2019","Uruguay","2019","G",8580004,"Uruguay","  Independent Party (PI)"
"Uruguay_2019","Uruguay","2019","H",8580010,"Uruguay","  Popular Unity - SEE POLITY NOTES"
"Uruguay_2019","Uruguay","2019","I",8580011,"Uruguay","  Green Animalist Party (PVA)"
"United States of America_1996","United States of America","1996","A",8400002,"United States of America","  Democratic Party (DEM)"
"United States of America_1996","United States of America","1996","B",8400001,"United States of America","  Republican Party (GOP)"
"United States of America_1996","United States of America","1996","C",8400004,"United States of America","  Reform Party (REF)"
"United States of America_2004","United States of America","2004","A",8400001,"United States of America","  Republican Party (GOP)"
"United States of America_2004","United States of America","2004","B",8400002,"United States of America","  Democratic Party (DEM)"
"United States of America_2004","United States of America","2004","C",8400004,"United States of America","  Reform Party (REF)"
"United States of America_2008","United States of America","2008","A",8400002,"United States of America","  Democratic Party (DEM)"
"United States of America_2008","United States of America","2008","B",8400001,"United States of America","  Republican Party (GOP)"
"United States of America_2012","United States of America","2012","A",8400002,"United States of America","  Democratic Party (DEM)"
"United States of America_2012","United States of America","2012","B",8400001,"United States of America","  Republican Party (GOP)"
"United States of America_2012","United States of America","2012","G",8400003,"United States of America","  Libertarian Party (LIB)"
"United States of America_2012","United States of America","2012","H",8400005,"United States of America","  Green Party (GPUS)"
"United States of America_2012","United States of America","2012","I",8400006,"United States of America","  Constitution Party (Con)"
"United States of America_2016","United States of America","2016","A",8400002,"United States of America","  Democratic Party (DEM)"
"United States of America_2016","United States of America","2016","B",8400001,"United States of America","  Republican Party (GOP)"
"United States of America_2016","United States of America","2016","C",8400003,"United States of America","  Libertarian Party (LIB)"
"United States of America_2016","United States of America","2016","D",8400005,"United States of America","  Green Party (GPUS)"
"United States of America_2020","United States of America","2020","A",8400002,"United States of America","  Democratic Party (DEM)"
"United States of America_2020","United States of America","2020","B",8400001,"United States of America","  Republican Party (GOP)"
"United States of America_2020","United States of America","2020","C",8400003,"United States of America","  Libertarian Party (LIB)"
"South Africa_2009","South Africa","2009","A",7100001,"South Africa","  African National Congress (ANC) - SEE POLITY NOTES"
"South Africa_2009","South Africa","2009","B",7100002,"South Africa","  Democratic Alliance (DA)"
"South Africa_2009","South Africa","2009","C",7100008,"South Africa","  Congress of the People (COPE)"
"South Africa_2009","South Africa","2009","D",7100004,"South Africa","  Inkatha Freedom Party (IFP)"
"South Africa_2009","South Africa","2009","E",7100022,"South Africa","  Independent Democrats (ID)"
"South Africa_2009","South Africa","2009","F",7100006,"South Africa","  United Democratic Movement (UDM)"
"South Africa_2009","South Africa","2009","G",7100007,"South Africa","  Freedom Front Plus (VF Plus)"
"South Africa_2009","South Africa","2009","H",7100009,"South Africa","  African Christian Democratic Party (ACDP)"
"South Africa_2014","South Africa","2014","A",7100001,"South Africa","  African National Congress (ANC) - SEE POLITY NOTES"
"South Africa_2014","South Africa","2014","B",7100002,"South Africa","  Democratic Alliance (DA)"
"South Africa_2014","South Africa","2014","C",7100003,"South Africa","  Economic Freedom Fighters (EFF)"
"South Africa_2014","South Africa","2014","D",7100004,"South Africa","  Inkatha Freedom Party (IFP)"
"South Africa_2014","South Africa","2014","E",7100005,"South Africa","  National Freedom Party (NFP)"
"South Africa_2014","South Africa","2014","F",7100006,"South Africa","  United Democratic Movement (UDM)"
"South Africa_2014","South Africa","2014","G",7100007,"South Africa","  Freedom Front Plus (VF Plus)"
"South Africa_2014","South Africa","2014","H",7100008,"South Africa","  Congress of the People (COPE)"
"South Africa_2014","South Africa","2014","I",7100009,"South Africa","  African Christian Democratic Party (ACDP)"
